Id,Label
4687.jpg,0.9974036
0365.jpg,0.9996303
0697.jpg,0.9998734
2157.jpg,0.9997368
4822.jpg,0.999218
1891.jpg,0.99961734
4563.jpg,0.9997613
3980.jpg,0.9970126
1042.jpg,0.999937
2098.jpg,0.9998694
1268.jpg,0.9999132
2784.jpg,0.99976915
4697.jpg,0.99972147
3852.jpg,0.9998529
1215.jpg,0.9998884
0367.jpg,0.9996632
3194.jpg,0.9999848
4946.jpg,0.999748
4682.jpg,0.99979717
0277.jpg,0.99949145
4785.jpg,0.9997201
0233.jpg,0.9995461
4041.jpg,0.9998315
4961.jpg,0.9997868
1552.jpg,0.9999005
4398.jpg,0.99987626
1837.jpg,0.99787265
3916.jpg,0.999862
0954.jpg,0.9955311
4574.jpg,0.99973696
4348.jpg,0.9984556
1950.jpg,0.99992347
2347.jpg,0.9997037
4592.jpg,0.99849313
4633.jpg,0.99993974
3285.jpg,0.9998961
0272.jpg,0.9998266
3723.jpg,0.9999234
0079.jpg,0.9995653
4791.jpg,0.9999539
3080.jpg,0.9997926
2826.jpg,0.9996772
0998.jpg,0.9998059
1312.jpg,0.99470633
0191.jpg,0.99972135
4840.jpg,0.9992477
2142.jpg,0.99950886
3573.jpg,0.9998121
4674.jpg,0.9998996
0768.jpg,0.9995144
3544.jpg,0.99981576
3847.jpg,0.99921155
0179.jpg,0.9998972
0339.jpg,0.99946576
1046.jpg,0.9998887
0556.jpg,0.99944544
3526.jpg,0.9994554
2366.jpg,0.99989825
2845.jpg,0.9998366
4343.jpg,0.99983287
0147.jpg,0.9996715
2286.jpg,0.97675353
0740.jpg,0.9986107
3654.jpg,0.9996569
2787.jpg,0.99786305
1625.jpg,0.99937695
0324.jpg,0.9996888
4019.jpg,0.99982214
1890.jpg,0.9997316
0565.jpg,0.99962157
1818.jpg,0.99961287
1717.jpg,0.9998915
2362.jpg,0.9998808
1294.jpg,0.9991152
2081.jpg,0.9997778
0717.jpg,0.9997423
2274.jpg,0.99988323
1427.jpg,0.9998844
3555.jpg,0.99398726
4123.jpg,0.9982832
1761.jpg,0.9996298
2148.jpg,0.9998977
1332.jpg,0.9997851
4853.jpg,0.9998219
0308.jpg,0.9997163
1712.jpg,0.99987227
2843.jpg,0.9997804
0564.jpg,0.9999671
1875.jpg,0.9979889
2998.jpg,0.9995842
2117.jpg,0.99978703
2786.jpg,0.999888
4983.jpg,0.9987016
3586.jpg,0.9998136
0552.jpg,0.99919224
1621.jpg,0.99992466
1292.jpg,0.9997625
2657.jpg,0.9996771
0077.jpg,0.9999189
4068.jpg,0.9999388
4503.jpg,0.9997573
1008.jpg,0.9994192
3870.jpg,0.99959683
2702.jpg,0.9994963
2020.jpg,0.9985769
2424.jpg,0.9993631
2718.jpg,0.9999623
0316.jpg,0.9986965
3433.jpg,0.99980265
3085.jpg,0.9998842
2432.jpg,0.99974984
1619.jpg,0.9998364
1352.jpg,0.99989563
0870.jpg,0.9996486
1382.jpg,0.9999669
1034.jpg,0.99865264
2924.jpg,0.99984473
2487.jpg,0.9998815
4113.jpg,0.99989265
3038.jpg,0.9997461
0650.jpg,0.9998574
0002.jpg,0.9998705
4649.jpg,0.9988255
4304.jpg,0.99987286
4043.jpg,0.99988294
4526.jpg,0.99739677
0081.jpg,0.9999164
3396.jpg,0.9996629
3020.jpg,0.9997158
2617.jpg,0.9998123
1675.jpg,0.9997527
2913.jpg,0.999764
2044.jpg,0.9999357
1336.jpg,0.9996751
4215.jpg,0.99971557
0879.jpg,0.99920946
4849.jpg,0.9984496
3448.jpg,0.9911526
1730.jpg,0.99992424
1901.jpg,0.99595946
4502.jpg,0.9998422
3926.jpg,0.9998929
4846.jpg,0.99996376
3013.jpg,0.99987984
3845.jpg,0.9998612
4319.jpg,0.9998707
0440.jpg,0.9997313
2584.jpg,0.9999284
1682.jpg,0.99977154
3094.jpg,0.9997208
0268.jpg,0.99977547
4077.jpg,0.99996823
2037.jpg,0.99966645
4877.jpg,0.9997856
2191.jpg,0.9996963
4602.jpg,0.99794894
2547.jpg,0.9998813
4156.jpg,0.9999308
4389.jpg,0.9941284
2814.jpg,0.99979407
2721.jpg,0.9994767
3758.jpg,0.99639195
0875.jpg,0.9996486
3497.jpg,0.9997918
1811.jpg,0.9995422
1576.jpg,0.99918264
2259.jpg,0.9977154
4305.jpg,0.99692297
1781.jpg,0.9997422
1346.jpg,0.9994286
2365.jpg,0.99974346
3223.jpg,0.99910027
2077.jpg,0.9998028
0306.jpg,0.9993293
1644.jpg,0.9999661
0610.jpg,0.9998481
4952.jpg,0.9999008
0047.jpg,0.999777
4407.jpg,0.99589133
2345.jpg,0.99987364
3588.jpg,0.9996326
1325.jpg,0.99988955
1866.jpg,0.9997308
4337.jpg,0.9995459
3966.jpg,0.99990433
2316.jpg,0.999825
4539.jpg,0.9997124
0700.jpg,0.99554497
3649.jpg,0.9999347
0441.jpg,0.9993989
0518.jpg,0.9979732
3741.jpg,0.9990584
0847.jpg,0.99892217
1153.jpg,0.99986213
4065.jpg,0.99993926
1988.jpg,0.99548835
4828.jpg,0.9999121
1512.jpg,0.9999707
2008.jpg,0.9999004
3393.jpg,0.99968344
0969.jpg,0.99874115
4177.jpg,0.9972314
4320.jpg,0.9942324
4566.jpg,0.99786335
2574.jpg,0.99989915
4763.jpg,0.99826556
1406.jpg,0.9976818
1588.jpg,0.99630433
4255.jpg,0.99881095
1822.jpg,0.99964434
2808.jpg,0.9998241
2710.jpg,0.9997716
3862.jpg,0.9985307
0808.jpg,0.9999318
3096.jpg,0.99266964
2972.jpg,0.98201627
1783.jpg,0.9994351
0200.jpg,0.9996686
3701.jpg,0.9999103
1360.jpg,0.99976736
3739.jpg,0.99966615
2145.jpg,0.9996862
0932.jpg,0.9898238
1049.jpg,0.99990624
3945.jpg,0.99992394
4910.jpg,0.9984668
1913.jpg,0.9997625
4900.jpg,0.99997634
1391.jpg,0.99817896
3891.jpg,0.99983567
4964.jpg,0.9998546
4218.jpg,0.99952334
0407.jpg,0.9999377
4960.jpg,0.99990696
0594.jpg,0.9998812
1874.jpg,0.9998271
0412.jpg,0.9999161
1077.jpg,0.99977535
1603.jpg,0.9995505
3698.jpg,0.99979156
2042.jpg,0.9926112
2969.jpg,0.99977046
3423.jpg,0.9994257
0767.jpg,0.99952155
1439.jpg,0.99988437
3466.jpg,0.9997194
3853.jpg,0.999798
1820.jpg,0.9996975
0823.jpg,0.9998192
2868.jpg,0.9994015
4401.jpg,0.9998475
2681.jpg,0.9990687
0827.jpg,0.99810624
1378.jpg,0.9999625
1056.jpg,0.99722624
3523.jpg,0.99950594
4190.jpg,0.99958295
2126.jpg,0.99965835
3387.jpg,0.9998278
3705.jpg,0.99982065
0055.jpg,0.99992436
2368.jpg,0.9998131
0730.jpg,0.99964947
1847.jpg,0.9999418
3467.jpg,0.999885
2738.jpg,0.9999046
2062.jpg,0.99933344
4527.jpg,0.9997967
3672.jpg,0.99959797
1923.jpg,0.99788505
2870.jpg,0.9996486
2687.jpg,0.9999183
1182.jpg,0.99956656
0198.jpg,0.9998563
3820.jpg,0.9997913
0164.jpg,0.9995434
3863.jpg,0.9992664
2492.jpg,0.9998868
0263.jpg,0.99995667
4690.jpg,0.9993138
2455.jpg,0.9995923
4291.jpg,0.99958473
2754.jpg,0.99966043
3832.jpg,0.9999147
4296.jpg,0.99983364
1329.jpg,0.99387354
0238.jpg,0.99964446
3804.jpg,0.9993508
2048.jpg,0.9999253
0819.jpg,0.999788
4285.jpg,0.99984765
1652.jpg,0.99444145
0045.jpg,0.9981709
4253.jpg,0.9978349
3840.jpg,0.9997825
4383.jpg,0.9999338
1226.jpg,0.99988395
0629.jpg,0.99989194
1539.jpg,0.9995473
1998.jpg,0.9999415
4194.jpg,0.9997821
3989.jpg,0.99882716
3436.jpg,0.99787813
0826.jpg,0.99985766
2106.jpg,0.9997762
2206.jpg,0.9999383
3975.jpg,0.99939656
1491.jpg,0.9996894
1734.jpg,0.9997484
2222.jpg,0.99969465
3902.jpg,0.99987817
0614.jpg,0.9995022
4731.jpg,0.99979
3030.jpg,0.9997907
0925.jpg,0.9997535
2122.jpg,0.9998165
3425.jpg,0.99987584
3562.jpg,0.999916
0501.jpg,0.99987346
3504.jpg,0.9998471
1035.jpg,0.9987893
3734.jpg,0.9996318
0467.jpg,0.9992762
4230.jpg,0.99726033
0671.jpg,0.99956065
1234.jpg,0.9999135
0334.jpg,0.99988294
2270.jpg,0.9999022
3849.jpg,0.99943954
1483.jpg,0.9994131
4917.jpg,0.9996242
4842.jpg,0.99948645
4704.jpg,0.9994929
3929.jpg,0.9997721
0390.jpg,0.99987143
3055.jpg,0.9984734
2458.jpg,0.99967694
2355.jpg,0.99931735
0786.jpg,0.99945617
2277.jpg,0.99009424
2573.jpg,0.99987465
4420.jpg,0.99979395
3091.jpg,0.997041
4940.jpg,0.99918246
3869.jpg,0.9999497
0543.jpg,0.9997294
1000.jpg,0.99956703
0891.jpg,0.99983925
0471.jpg,0.99988467
0903.jpg,0.9998916
3485.jpg,0.9998262
2169.jpg,0.9991904
1055.jpg,0.99913716
4963.jpg,0.997336
4199.jpg,0.9997949
4206.jpg,0.9985215
1023.jpg,0.9975846
4001.jpg,0.9997627
2948.jpg,0.9997041
1012.jpg,0.9978325
4721.jpg,0.9997273
1604.jpg,0.99986863
1075.jpg,0.9999239
3753.jpg,0.99951416
2765.jpg,0.9997056
3955.jpg,0.9993872
2325.jpg,0.9993858
3567.jpg,0.9996882
3424.jpg,0.9977717
3499.jpg,0.9985725
1371.jpg,0.9998823
0810.jpg,0.999342
1718.jpg,0.99984103
0364.jpg,0.9997768
1653.jpg,0.9999144
1172.jpg,0.9998527
2987.jpg,0.9997895
2762.jpg,0.9998186
4947.jpg,0.999795
4994.jpg,0.99877757
2967.jpg,0.9998773
2459.jpg,0.99900955
2092.jpg,0.9939277
0115.jpg,0.9991819
2264.jpg,0.99995166
4997.jpg,0.99955016
0490.jpg,0.9998978
0243.jpg,0.99985164
0064.jpg,0.99988395
0929.jpg,0.9985965
4459.jpg,0.9997466
2143.jpg,0.9984302
3925.jpg,0.9998736
2813.jpg,0.9998968
1509.jpg,0.9989651
4066.jpg,0.9985195
3430.jpg,0.9997844
4883.jpg,0.9998832
0061.jpg,0.99976355
2266.jpg,0.99995345
2883.jpg,0.9985543
4810.jpg,0.99984175
0072.jpg,0.9995329
1218.jpg,0.9995797
1852.jpg,0.99991804
3257.jpg,0.9999266
4415.jpg,0.99966854
4087.jpg,0.99952096
4400.jpg,0.9997001
3500.jpg,0.9996974
1827.jpg,0.99983907
1616.jpg,0.9994976
0639.jpg,0.9992969
2874.jpg,0.9998837
4367.jpg,0.99987125
4321.jpg,0.999809
4195.jpg,0.9934466
4794.jpg,0.99960184
3086.jpg,0.99983615
2992.jpg,0.9997569
3992.jpg,0.9996763
2093.jpg,0.998086
4829.jpg,0.99971104
3442.jpg,0.99981004
0947.jpg,0.9997665
3708.jpg,0.9994795
1005.jpg,0.99984926
0456.jpg,0.9973628
3590.jpg,0.99807644
1992.jpg,0.9979213
4608.jpg,0.99311095
2533.jpg,0.99931073
0560.jpg,0.9998848
4887.jpg,0.9998688
3801.jpg,0.9989388
1444.jpg,0.99839324
2410.jpg,0.9999644
3014.jpg,0.9999357
1124.jpg,0.99986506
3067.jpg,0.99817204
4691.jpg,0.99959046
2672.jpg,0.9989753
2912.jpg,0.999156
4142.jpg,0.9999287
3199.jpg,0.99975395
1560.jpg,0.99957114
2757.jpg,0.99996537
0773.jpg,0.9997383
4535.jpg,0.99937457
3048.jpg,0.9994233
0797.jpg,0.99945635
4995.jpg,0.99979925
2451.jpg,0.99986774
1243.jpg,0.99990064
1601.jpg,0.999615
4109.jpg,0.9997069
4742.jpg,0.9996915
4351.jpg,0.99955505
1834.jpg,0.9997824
2880.jpg,0.9995908
2372.jpg,0.9995589
3002.jpg,0.9999543
0366.jpg,0.9996504
1130.jpg,0.99992067
0573.jpg,0.9989142
1782.jpg,0.9999571
1543.jpg,0.99968964
2464.jpg,0.9997263
0953.jpg,0.99993056
1232.jpg,0.99977237
0840.jpg,0.9998243
3546.jpg,0.9996686
0960.jpg,0.99972886
3092.jpg,0.9998408
4017.jpg,0.9998792
1728.jpg,0.9997228
0304.jpg,0.9995885
3777.jpg,0.9995687
1507.jpg,0.9994207
1454.jpg,0.9998546
4596.jpg,0.9997546
4908.jpg,0.99992055
4581.jpg,0.9997693
3498.jpg,0.99806046
0988.jpg,0.999901
0016.jpg,0.9920624
2350.jpg,0.99987537
0056.jpg,0.99976516
4229.jpg,0.99998283
1989.jpg,0.9998767
0738.jpg,0.9978147
3284.jpg,0.98944813
2663.jpg,0.99984455
1103.jpg,0.99939346
0923.jpg,0.999953
2902.jpg,0.9998619
1167.jpg,0.9900754
4824.jpg,0.99971277
4219.jpg,0.9996343
3626.jpg,0.9994208
4920.jpg,0.9995318
1666.jpg,0.99903303
4945.jpg,0.9997897
3554.jpg,0.9995374
1351.jpg,0.9998242
1502.jpg,0.9998509
1671.jpg,0.99732906
2483.jpg,0.99994177
1088.jpg,0.99987316
0293.jpg,0.99995595
1773.jpg,0.9988281
1463.jpg,0.9994754
1193.jpg,0.99979335
4667.jpg,0.9997616
1931.jpg,0.9998552
3646.jpg,0.9995553
0541.jpg,0.999836
3025.jpg,0.9998829
1058.jpg,0.9998941
4263.jpg,0.99992543
0309.jpg,0.99787307
3371.jpg,0.99941033
0613.jpg,0.9998057
4776.jpg,0.99938756
1870.jpg,0.9997476
4374.jpg,0.9998614
4051.jpg,0.99961823
1513.jpg,0.99561644
3527.jpg,0.9999183
2045.jpg,0.9983974
0207.jpg,0.99982995
0170.jpg,0.9984755
2940.jpg,0.99665284
3365.jpg,0.9994815
1220.jpg,0.99993706
1365.jpg,0.9998073
4673.jpg,0.99953794
2220.jpg,0.99994475
2848.jpg,0.99984866
1963.jpg,0.99993426
4735.jpg,0.9998009
3301.jpg,0.99978495
4568.jpg,0.9997668
0340.jpg,0.99990386
0987.jpg,0.99965745
0410.jpg,0.999913
2102.jpg,0.99991137
1335.jpg,0.99901193
2385.jpg,0.9999582
2877.jpg,0.9989268
1079.jpg,0.9993272
1280.jpg,0.999906
2520.jpg,0.99929065
1613.jpg,0.9998602
0863.jpg,0.9983743
1473.jpg,0.9996126
4604.jpg,0.99960047
3811.jpg,0.99970007
4395.jpg,0.99913216
3294.jpg,0.99973327
4104.jpg,0.9998774
1727.jpg,0.9995741
1517.jpg,0.9960378
1311.jpg,0.9994696
3923.jpg,0.9997583
4934.jpg,0.9992666
2083.jpg,0.9987133
1452.jpg,0.99981946
3883.jpg,0.99989223
4083.jpg,0.9995976
2712.jpg,0.9996875
2408.jpg,0.9999063
2472.jpg,0.99993634
0555.jpg,0.99991775
3621.jpg,0.9994826
1999.jpg,0.99983245
1810.jpg,0.9993961
4880.jpg,0.99991304
4378.jpg,0.9984417
2909.jpg,0.9998005
2152.jpg,0.9984568
1037.jpg,0.99990755
4834.jpg,0.99996203
1688.jpg,0.9999055
2195.jpg,0.99826145
4162.jpg,0.9996738
3584.jpg,0.9998703
1203.jpg,0.9995963
3417.jpg,0.9996812
3736.jpg,0.99994594
4212.jpg,0.99969536
0782.jpg,0.9988423
1031.jpg,0.99988395
4622.jpg,0.9998105
2263.jpg,0.99980164
0600.jpg,0.99927807
2768.jpg,0.9994858
0500.jpg,0.99992806
4500.jpg,0.9984626
0912.jpg,0.9995051
0035.jpg,0.9996598
3575.jpg,0.999326
4417.jpg,0.99991006
3609.jpg,0.999603
3495.jpg,0.99975914
4226.jpg,0.99975413
3935.jpg,0.99980134
4191.jpg,0.9996729
1446.jpg,0.99996084
4607.jpg,0.999403
2196.jpg,0.99888724
4808.jpg,0.9998854
2268.jpg,0.998641
3684.jpg,0.9999142
1484.jpg,0.99986213
3274.jpg,0.9995225
4886.jpg,0.9992826
2198.jpg,0.99932814
4919.jpg,0.9995282
1942.jpg,0.999949
3932.jpg,0.9997696
2713.jpg,0.9999128
2726.jpg,0.9999848
2367.jpg,0.99991065
0620.jpg,0.99921876
0662.jpg,0.99952054
4403.jpg,0.9990142
3237.jpg,0.9997513
0950.jpg,0.9996403
3542.jpg,0.9998489
0544.jpg,0.99966264
0237.jpg,0.9992015
4666.jpg,0.9995102
0862.jpg,0.99992007
3428.jpg,0.999845
2771.jpg,0.9997645
1598.jpg,0.9987032
4872.jpg,0.99987984
1860.jpg,0.999615
2773.jpg,0.99977446
2785.jpg,0.99940974
0374.jpg,0.9997818
1719.jpg,0.9998067
1687.jpg,0.9997601
3214.jpg,0.9971016
1271.jpg,0.99968606
3984.jpg,0.9998873
1529.jpg,0.9996682
2359.jpg,0.99975497
2709.jpg,0.9996534
0333.jpg,0.99989766
4929.jpg,0.99974877
0890.jpg,0.9984878
2285.jpg,0.99998957
3655.jpg,0.9992271
0127.jpg,0.99980956
2080.jpg,0.9997249
4032.jpg,0.99985814
3112.jpg,0.9992531
3522.jpg,0.99987847
3603.jpg,0.99990875
4187.jpg,0.99996275
4780.jpg,0.9997861
3617.jpg,0.9999263
0030.jpg,0.99994105
4026.jpg,0.9998699
4382.jpg,0.99982095
4577.jpg,0.9999924
0595.jpg,0.9999344
1459.jpg,0.9999235
4198.jpg,0.9991143
3435.jpg,0.99936384
0651.jpg,0.99990726
1883.jpg,0.99937296
2165.jpg,0.99982435
2393.jpg,0.9989825
3566.jpg,0.99981004
0183.jpg,0.9994841
2949.jpg,0.99988985
4008.jpg,0.99950093
1919.jpg,0.99918294
2624.jpg,0.9973839
2679.jpg,0.99978256
4197.jpg,0.99987406
4750.jpg,0.9998409
4167.jpg,0.99993414
0790.jpg,0.9995675
3759.jpg,0.9995807
2425.jpg,0.9964323
3026.jpg,0.99984986
3225.jpg,0.9994218
0687.jpg,0.9996476
4498.jpg,0.99935454
3571.jpg,0.99979395
2530.jpg,0.9996607
3173.jpg,0.99485034
1458.jpg,0.999784
2775.jpg,0.99587375
4692.jpg,0.99942756
0711.jpg,0.99902725
1266.jpg,0.9999497
3416.jpg,0.9944866
4693.jpg,0.9995473
4046.jpg,0.9882527
3531.jpg,0.9995118
3176.jpg,0.9996026
4616.jpg,0.9999275
1015.jpg,0.99985904
0921.jpg,0.9997069
3310.jpg,0.9993804
3196.jpg,0.9997988
3216.jpg,0.99930423
0429.jpg,0.9998743
4644.jpg,0.9999228
3770.jpg,0.9997646
0904.jpg,0.99966526
4210.jpg,0.9978873
1114.jpg,0.9998655
1060.jpg,0.9998993
3937.jpg,0.9972127
1945.jpg,0.9999154
0157.jpg,0.9999175
2067.jpg,0.9951146
1426.jpg,0.99979585
2506.jpg,0.9965547
1010.jpg,0.9998613
3262.jpg,0.99992317
1903.jpg,0.994823
4256.jpg,0.9949849
4338.jpg,0.99211544
3321.jpg,0.9990535
1800.jpg,0.9995435
3343.jpg,0.99993324
1369.jpg,0.99856925
4803.jpg,0.99971944
3388.jpg,0.99978954
0534.jpg,0.9998347
2933.jpg,0.9999294
2484.jpg,0.9999345
2776.jpg,0.9996069
2297.jpg,0.9999182
3908.jpg,0.9999501
0194.jpg,0.99652576
3172.jpg,0.9998522
3651.jpg,0.9997923
2578.jpg,0.9997657
0470.jpg,0.999935
4510.jpg,0.9998331
1069.jpg,0.9999059
3875.jpg,0.99931234
4931.jpg,0.99996
2966.jpg,0.99987525
4984.jpg,0.9999564
1868.jpg,0.9995649
3449.jpg,0.9995963
3153.jpg,0.99983835
2557.jpg,0.9997671
2223.jpg,0.9997695
0046.jpg,0.9996559
0640.jpg,0.999934
1893.jpg,0.99875665
4989.jpg,0.9991825
3088.jpg,0.99935406
2226.jpg,0.99940354
4151.jpg,0.99995446
1752.jpg,0.9996676
0213.jpg,0.99927646
1508.jpg,0.99992293
3768.jpg,0.9984737
4626.jpg,0.9984973
2357.jpg,0.99974984
0132.jpg,0.99906653
1584.jpg,0.99933547
3212.jpg,0.99958986
1748.jpg,0.9989326
2443.jpg,0.99993634
1006.jpg,0.99810594
0587.jpg,0.9995177
1909.jpg,0.9971176
3535.jpg,0.999734
0813.jpg,0.9998614
4512.jpg,0.9998849
2693.jpg,0.9997918
0292.jpg,0.9997103
1785.jpg,0.99997896
3126.jpg,0.99983376
0961.jpg,0.9998823
0301.jpg,0.99980575
4962.jpg,0.9989957
2023.jpg,0.99990386
3669.jpg,0.9998756
4261.jpg,0.99973553
0658.jpg,0.99993396
2534.jpg,0.99976605
1416.jpg,0.99992555
1536.jpg,0.9998241
1567.jpg,0.99986774
2439.jpg,0.99967647
3548.jpg,0.9993004
2656.jpg,0.99994713
2822.jpg,0.9997943
2925.jpg,0.99992484
1777.jpg,0.9960148
4055.jpg,0.99995226
2620.jpg,0.9995517
2858.jpg,0.99981815
0389.jpg,0.9999003
2146.jpg,0.999862
3047.jpg,0.9997416
1914.jpg,0.99805117
3771.jpg,0.9996045
0223.jpg,0.99937683
2986.jpg,0.9994634
1793.jpg,0.99905944
3295.jpg,0.9994778
3033.jpg,0.9956835
2161.jpg,0.99959016
0488.jpg,0.9999543
4119.jpg,0.99994296
3079.jpg,0.9996791
1759.jpg,0.9995787
2009.jpg,0.9999233
2214.jpg,0.9986947
3643.jpg,0.9999253
0388.jpg,0.9998148
3158.jpg,0.9996319
2856.jpg,0.9995255
2911.jpg,0.998614
4866.jpg,0.9998417
2230.jpg,0.9997766
4779.jpg,0.99928546
3189.jpg,0.99971527
4650.jpg,0.9997273
2753.jpg,0.99992394
3855.jpg,0.9998854
2619.jpg,0.9986711
1099.jpg,0.995183
1750.jpg,0.99985313
4767.jpg,0.9997706
3232.jpg,0.9990898
0099.jpg,0.99990875
0994.jpg,0.9999397
4155.jpg,0.9951059
2639.jpg,0.99997663
2955.jpg,0.9998738
1045.jpg,0.99825335
3095.jpg,0.99956244
2599.jpg,0.99989766
4700.jpg,0.99845034
2304.jpg,0.9985617
2640.jpg,0.99971986
0503.jpg,0.9999427
4227.jpg,0.99921846
3474.jpg,0.99988097
3355.jpg,0.9999358
2340.jpg,0.9997907
2901.jpg,0.9992121
3258.jpg,0.9999833
3242.jpg,0.9998343
2429.jpg,0.9998415
4214.jpg,0.9998982
4862.jpg,0.99947685
2174.jpg,0.9999661
1455.jpg,0.99989575
2970.jpg,0.9999304
2834.jpg,0.9999382
2929.jpg,0.9987891
4393.jpg,0.99970275
2280.jpg,0.9999028
0011.jpg,0.999849
0451.jpg,0.99995476
1122.jpg,0.9994626
2606.jpg,0.9998765
0949.jpg,0.99979454
3693.jpg,0.9995987
3960.jpg,0.99963444
1466.jpg,0.9978737
4583.jpg,0.99981576
0100.jpg,0.9999061
4493.jpg,0.99988717
4149.jpg,0.9998916
0371.jpg,0.9953262
2496.jpg,0.9998374
0162.jpg,0.9989033
1062.jpg,0.99990124
1209.jpg,0.9989839
4663.jpg,0.9980641
3057.jpg,0.9988895
1354.jpg,0.9998386
3645.jpg,0.99990565
1880.jpg,0.9996131
0865.jpg,0.9999296
2132.jpg,0.99991447
2952.jpg,0.999963
3974.jpg,0.99979657
2644.jpg,0.9999089
2849.jpg,0.9987027
2861.jpg,0.99972725
0712.jpg,0.9981542
4271.jpg,0.999901
0392.jpg,0.9998939
1411.jpg,0.99996775
3001.jpg,0.9998555
3053.jpg,0.99973625
1273.jpg,0.9990258
4911.jpg,0.9999056
4101.jpg,0.9999876
0846.jpg,0.9997186
2059.jpg,0.99975204
3354.jpg,0.9999222
0261.jpg,0.99955386
4384.jpg,0.9999311
3102.jpg,0.99873525
4831.jpg,0.9985607
4482.jpg,0.99936956
3956.jpg,0.99994135
1533.jpg,0.9997476
2798.jpg,0.9998478
3998.jpg,0.9999135
4807.jpg,0.99988675
1828.jpg,0.9996396
0481.jpg,0.9969662
4260.jpg,0.99903536
2454.jpg,0.99993235
2218.jpg,0.99684286
0570.jpg,0.9993163
4717.jpg,0.9998048
2097.jpg,0.9994984
4665.jpg,0.9998291
3229.jpg,0.99992555
3763.jpg,0.9997287
1304.jpg,0.99927336
3622.jpg,0.9966937
2338.jpg,0.9996762
3060.jpg,0.9999077
3140.jpg,0.99991447
0968.jpg,0.99997324
3084.jpg,0.9996249
3056.jpg,0.9943025
4435.jpg,0.9998439
2866.jpg,0.99933845
3688.jpg,0.99990267
0625.jpg,0.9994679
2180.jpg,0.9993417
0382.jpg,0.9999797
1238.jpg,0.9997217
2197.jpg,0.99941105
3529.jpg,0.99994564
2300.jpg,0.99976826
4851.jpg,0.99934834
1285.jpg,0.9999201
0069.jpg,0.99901766
0849.jpg,0.99816203
4450.jpg,0.99892944
0024.jpg,0.9997739
3967.jpg,0.9980939
1503.jpg,0.99968386
0722.jpg,0.9999554
4242.jpg,0.9999059
4213.jpg,0.99987096
2309.jpg,0.9999396
1854.jpg,0.9996833
2939.jpg,0.9995718
4146.jpg,0.9999302
1305.jpg,0.9996636
0970.jpg,0.9998386
3910.jpg,0.99811834
1489.jpg,0.99958825
3691.jpg,0.9995754
1956.jpg,0.99949145
0348.jpg,0.9998367
3828.jpg,0.99995035
4308.jpg,0.9685359
3264.jpg,0.9996237
4180.jpg,0.99998134
2648.jpg,0.9991553
1801.jpg,0.9987101
0475.jpg,0.9997805
4956.jpg,0.9995909
2239.jpg,0.9999104
4789.jpg,0.9990745
2423.jpg,0.99983245
0351.jpg,0.99988633
4652.jpg,0.99996775
0521.jpg,0.9995604
3243.jpg,0.9994304
4359.jpg,0.99984837
3325.jpg,0.9997244
0866.jpg,0.99782515
0718.jpg,0.99987525
3699.jpg,0.9998644
1922.jpg,0.9996617
2854.jpg,0.9998489
0654.jpg,0.99818057
0837.jpg,0.99702334
0074.jpg,0.9992369
0343.jpg,0.9998753
1389.jpg,0.9999489
0108.jpg,0.9999384
1202.jpg,0.9999524
0421.jpg,0.99993706
3890.jpg,0.99856013
0618.jpg,0.9987924
2638.jpg,0.9985335
3271.jpg,0.9992835
0230.jpg,0.99626833
4422.jpg,0.9988363
2665.jpg,0.99973583
1857.jpg,0.99894243
3463.jpg,0.9977942
3796.jpg,0.99982804
3282.jpg,0.9999446
2779.jpg,0.99763346
2149.jpg,0.9986643
2957.jpg,0.9982059
3319.jpg,0.99931407
3460.jpg,0.9996825
3272.jpg,0.9997053
3308.jpg,0.99966973
1156.jpg,0.9992779
3397.jpg,0.999373
3667.jpg,0.99905604
0828.jpg,0.99951214
4792.jpg,0.9997835
3648.jpg,0.9996478
2801.jpg,0.9993417
1201.jpg,0.9954713
2545.jpg,0.98917246
0951.jpg,0.99943215
3938.jpg,0.99873954
0649.jpg,0.9998841
0778.jpg,0.99939865
4957.jpg,0.99986404
1691.jpg,0.99990565
0455.jpg,0.99994546
3135.jpg,0.9999271
2512.jpg,0.99977523
2058.jpg,0.99993426
2401.jpg,0.99581057
1119.jpg,0.99724525
2662.jpg,0.9956489
4812.jpg,0.99904245
0611.jpg,0.9993804
4522.jpg,0.9997454
0720.jpg,0.99984163
3599.jpg,0.99995977
3298.jpg,0.99991035
4412.jpg,0.999815
2427.jpg,0.9998901
2433.jpg,0.99949676
3578.jpg,0.99983865
2723.jpg,0.9997699
3259.jpg,0.9999218
0220.jpg,0.9998913
1396.jpg,0.99588346
0835.jpg,0.998975
2402.jpg,0.998842
4774.jpg,0.9995925
0705.jpg,0.9999152
2275.jpg,0.99940664
0776.jpg,0.9998281
2743.jpg,0.99989986
3665.jpg,0.99984556
0807.jpg,0.9990623
4466.jpg,0.99834347
0758.jpg,0.99995285
4804.jpg,0.99984294
2922.jpg,0.99964863
2234.jpg,0.9996355
1850.jpg,0.99987125
2737.jpg,0.9979415
0028.jpg,0.99985415
2469.jpg,0.999703
3306.jpg,0.9995694
0860.jpg,0.9978407
1605.jpg,0.9998291
2783.jpg,0.99998206
4076.jpg,0.9997222
3023.jpg,0.9999194
0041.jpg,0.99990726
3565.jpg,0.99984574
4675.jpg,0.9997213
4139.jpg,0.9985215
3069.jpg,0.9999469
1175.jpg,0.9998834
0266.jpg,0.99965936
0721.jpg,0.999624
3519.jpg,0.9992742
4830.jpg,0.9859169
0135.jpg,0.97903824
3157.jpg,0.999583
0122.jpg,0.99983615
0794.jpg,0.99973935
4623.jpg,0.9997832
0006.jpg,0.9999853
4898.jpg,0.99932975
3273.jpg,0.9993937
3004.jpg,0.99934655
4903.jpg,0.9876737
4441.jpg,0.9997414
2447.jpg,0.99960953
4258.jpg,0.9995851
0034.jpg,0.99988586
2190.jpg,0.99960214
2632.jpg,0.9997895
0487.jpg,0.9997471
2348.jpg,0.9998243
0691.jpg,0.9998446
3268.jpg,0.9997587
3115.jpg,0.9993934
4634.jpg,0.9993027
2442.jpg,0.9958925
3515.jpg,0.9997782
4897.jpg,0.99978536
1104.jpg,0.99708
2627.jpg,0.9979803
4179.jpg,0.99995685
3683.jpg,0.999424
0137.jpg,0.99973726
4015.jpg,0.9992246
0014.jpg,0.9998443
2585.jpg,0.9994276
2509.jpg,0.99985766
2635.jpg,0.9995079
0187.jpg,0.9997411
4507.jpg,0.9990087
2539.jpg,0.9995126
2414.jpg,0.9996008
4635.jpg,0.99965805
0676.jpg,0.9998959
0628.jpg,0.99969363
0120.jpg,0.99868375
2956.jpg,0.9992513
4111.jpg,0.99961764
0363.jpg,0.998308
3837.jpg,0.9998943
0692.jpg,0.9989535
3514.jpg,0.9999619
3732.jpg,0.99957615
4266.jpg,0.9997794
1244.jpg,0.99952507
2051.jpg,0.999732
4355.jpg,0.99994355
4014.jpg,0.99965924
1720.jpg,0.9986787
2988.jpg,0.99983597
1400.jpg,0.9993065
4292.jpg,0.9985561
4724.jpg,0.99981195
1947.jpg,0.99994254
0887.jpg,0.99985284
4235.jpg,0.99991447
0342.jpg,0.99990636
1208.jpg,0.9997532
1626.jpg,0.99982786
4224.jpg,0.99975497
1721.jpg,0.9999194
3309.jpg,0.9998589
3874.jpg,0.9989312
0427.jpg,0.9999051
1724.jpg,0.99946636
0713.jpg,0.9991295
3717.jpg,0.9999261
1349.jpg,0.9973228
3750.jpg,0.9962165
1754.jpg,0.99983114
1014.jpg,0.99974734
2486.jpg,0.9997936
4730.jpg,0.9999694
1097.jpg,0.99983287
0869.jpg,0.9998369
4342.jpg,0.99976224
0928.jpg,0.9995696
0956.jpg,0.9997944
3674.jpg,0.9998932
3927.jpg,0.99950343
1204.jpg,0.9969509
2489.jpg,0.99990076
3104.jpg,0.99987006
0269.jpg,0.9999526
3789.jpg,0.9999303
2426.jpg,0.9978954
3809.jpg,0.9991689
2782.jpg,0.99945575
1404.jpg,0.99984616
2284.jpg,0.9997148
0325.jpg,0.99966407
2968.jpg,0.9998133
4272.jpg,0.9998135
1039.jpg,0.999975
2749.jpg,0.99942297
1706.jpg,0.9997937
1522.jpg,0.9996824
4275.jpg,0.9998155
1984.jpg,0.9999276
2168.jpg,0.9998505
3888.jpg,0.99806404
1179.jpg,0.99869466
2825.jpg,0.99975824
2269.jpg,0.99987835
4150.jpg,0.999923
1524.jpg,0.9918689
2030.jpg,0.9998638
1384.jpg,0.999911
2532.jpg,0.9993694
0685.jpg,0.99951124
0642.jpg,0.9996759
2926.jpg,0.99978447
3296.jpg,0.99782056
3990.jpg,0.99991435
0622.jpg,0.9987337
2086.jpg,0.99989945
2537.jpg,0.9993851
4165.jpg,0.9998508
0437.jpg,0.9998827
0963.jpg,0.9998131
4300.jpg,0.99734396
0133.jpg,0.99981433
2405.jpg,0.99962074
4755.jpg,0.9998927
1135.jpg,0.99992895
0083.jpg,0.9998052
4881.jpg,0.97896856
1189.jpg,0.99978524
0296.jpg,0.99990124
3162.jpg,0.9996879
1591.jpg,0.99803853
2799.jpg,0.99986213
1486.jpg,0.9997902
0733.jpg,0.99989295
3155.jpg,0.9995732
3872.jpg,0.9997854
4558.jpg,0.99993086
0356.jpg,0.9975474
0384.jpg,0.99988765
3299.jpg,0.99446267
0286.jpg,0.99890655
1422.jpg,0.99739915
4532.jpg,0.99812317
1041.jpg,0.9998304
3269.jpg,0.9996106
3133.jpg,0.9995912
3857.jpg,0.99918705
0423.jpg,0.99941343
1861.jpg,0.99979895
0208.jpg,0.99656636
4572.jpg,0.99969006
4059.jpg,0.9985569
1403.jpg,0.9993357
0577.jpg,0.9999161
3812.jpg,0.99970335
3570.jpg,0.9998854
0839.jpg,0.9998603
1665.jpg,0.99999756
0902.jpg,0.99982214
3988.jpg,0.9958496
1784.jpg,0.99973327
2187.jpg,0.99996847
0848.jpg,0.99915457
1438.jpg,0.99892735
1146.jpg,0.9992288
3482.jpg,0.9999649
3922.jpg,0.99973863
3465.jpg,0.9999152
0759.jpg,0.9982753
1317.jpg,0.9986139
2756.jpg,0.99968666
4141.jpg,0.9999086
0142.jpg,0.9996936
1902.jpg,0.9999549
4238.jpg,0.999507
1873.jpg,0.99938256
4545.jpg,0.99627453
1407.jpg,0.9998854
2438.jpg,0.9986289
0659.jpg,0.99990267
0118.jpg,0.9984903
4980.jpg,0.99845153
4843.jpg,0.9999159
3151.jpg,0.9986429
3931.jpg,0.9997935
3821.jpg,0.99990433
2491.jpg,0.9996956
1580.jpg,0.9996991
0825.jpg,0.9999342
0820.jpg,0.9998834
2024.jpg,0.99977016
0851.jpg,0.99844056
1327.jpg,0.99980646
3639.jpg,0.9992675
0337.jpg,0.9998947
1839.jpg,0.99976236
2844.jpg,0.99953604
4164.jpg,0.9998204
4495.jpg,0.9997051
4580.jpg,0.9997785
3373.jpg,0.9995718
0130.jpg,0.9998493
4521.jpg,0.99986887
3721.jpg,0.99978536
0641.jpg,0.9995101
2391.jpg,0.9999679
1906.jpg,0.9977629
2862.jpg,0.99900365
1237.jpg,0.9999058
4020.jpg,0.99984413
1228.jpg,0.99091357
3006.jpg,0.9996608
2807.jpg,0.9999059
3905.jpg,0.9994748
1787.jpg,0.99977964
3318.jpg,0.9996238
0141.jpg,0.99854964
1443.jpg,0.9995346
1314.jpg,0.99970156
1955.jpg,0.99848557
1741.jpg,0.99521565
4237.jpg,0.9991391
3454.jpg,0.9996791
0144.jpg,0.99985856
2150.jpg,0.9999508
1774.jpg,0.9982819
3957.jpg,0.99986583
3792.jpg,0.99990076
2034.jpg,0.99933
4233.jpg,0.99952644
0151.jpg,0.9998341
4184.jpg,0.99579644
4811.jpg,0.9997518
4847.jpg,0.9997161
0360.jpg,0.99665123
1413.jpg,0.99975944
2163.jpg,0.9998576
1640.jpg,0.9998749
3689.jpg,0.99986035
4287.jpg,0.9989744
0010.jpg,0.9976278
4893.jpg,0.99746037
4181.jpg,0.9951511
1930.jpg,0.9996186
0645.jpg,0.9998594
3713.jpg,0.9934268
4562.jpg,0.99975663
0003.jpg,0.9999053
2384.jpg,0.9999463
3656.jpg,0.9998927
2541.jpg,0.99990696
2413.jpg,0.9990117
0885.jpg,0.9999406
2237.jpg,0.99996096
0338.jpg,0.9999196
0175.jpg,0.9991908
2204.jpg,0.99949867
1690.jpg,0.9995303
0569.jpg,0.99992925
3097.jpg,0.99979395
4344.jpg,0.9998768
4965.jpg,0.9998582
4170.jpg,0.9999388
1367.jpg,0.99992913
4662.jpg,0.99909383
0464.jpg,0.99977875
1148.jpg,0.9997181
3240.jpg,0.99970835
1102.jpg,0.99986315
2351.jpg,0.99977016
0582.jpg,0.9997823
3543.jpg,0.9997334
0798.jpg,0.9997975
2121.jpg,0.9998669
2927.jpg,0.99973994
3761.jpg,0.99918056
3806.jpg,0.999796
3167.jpg,0.99983215
4861.jpg,0.99918777
3392.jpg,0.9997316
3234.jpg,0.9999296
3224.jpg,0.9998636
2634.jpg,0.9997929
3642.jpg,0.99950546
3950.jpg,0.99991584
2729.jpg,0.9969539
2501.jpg,0.9999735
3350.jpg,0.9998844
0783.jpg,0.9997225
2336.jpg,0.99963754
1393.jpg,0.99985117
1488.jpg,0.99935865
1821.jpg,0.9998798
0472.jpg,0.99979144
0785.jpg,0.99839336
4451.jpg,0.99983644
1240.jpg,0.99985933
4006.jpg,0.99960166
3188.jpg,0.99968606
4705.jpg,0.99925464
0619.jpg,0.9998415
3352.jpg,0.99995327
1248.jpg,0.99984616
1607.jpg,0.99904895
4379.jpg,0.99876475
0703.jpg,0.99980617
3440.jpg,0.9997961
0431.jpg,0.9993589
2262.jpg,0.998542
0574.jpg,0.99928975
4147.jpg,0.99995255
2358.jpg,0.99988204
4268.jpg,0.9991143
0644.jpg,0.99965143
0247.jpg,0.9997053
0129.jpg,0.99992806
3615.jpg,0.9997336
1739.jpg,0.9994409
1259.jpg,0.9998595
1159.jpg,0.9998042
1638.jpg,0.9995497
3244.jpg,0.9989514
0673.jpg,0.9992003
4987.jpg,0.99304205
4307.jpg,0.99594396
2323.jpg,0.9997721
1445.jpg,0.9997118
1481.jpg,0.99984306
3827.jpg,0.99993235
4362.jpg,0.9999764
2104.jpg,0.99917316
4086.jpg,0.99993557
0878.jpg,0.99967164
2747.jpg,0.9999295
1843.jpg,0.99952817
0454.jpg,0.99983686
2071.jpg,0.9999442
3551.jpg,0.99984884
2519.jpg,0.9997537
2767.jpg,0.9999032
4739.jpg,0.9997255
4437.jpg,0.9998913
2232.jpg,0.99984384
4923.jpg,0.9998713
1871.jpg,0.9999242
1057.jpg,0.9998428
4971.jpg,0.9991861
1867.jpg,0.9997034
2153.jpg,0.9996064
4815.jpg,0.99973774
2318.jpg,0.9998148
2035.jpg,0.99977463
3431.jpg,0.9998202
3653.jpg,0.99995184
1059.jpg,0.99966663
3539.jpg,0.9997652
2778.jpg,0.9996961
1556.jpg,0.9993599
4225.jpg,0.9978859
3040.jpg,0.99979883
2298.jpg,0.99977154
1071.jpg,0.9998822
2680.jpg,0.99995035
2440.jpg,0.9999478
2750.jpg,0.9998627
1375.jpg,0.99870425
2720.jpg,0.99991685
4836.jpg,0.99976873
1664.jpg,0.99922055
0486.jpg,0.999845
1401.jpg,0.9970749
2468.jpg,0.9996955
1912.jpg,0.9998767
2812.jpg,0.999569
0719.jpg,0.9991179
4968.jpg,0.9997725
1614.jpg,0.9992325
1423.jpg,0.99981934
4671.jpg,0.9997447
4259.jpg,0.9999283
2934.jpg,0.9985418
4676.jpg,0.9967397
3707.jpg,0.999718
0245.jpg,0.99993324
1814.jpg,0.9972454
0566.jpg,0.9998987
2522.jpg,0.9991664
0090.jpg,0.9995304
0104.jpg,0.99987334
1331.jpg,0.999732
1762.jpg,0.9995978
3516.jpg,0.99968195
0001.jpg,0.9939576
0806.jpg,0.9999302
1528.jpg,0.99992824
3593.jpg,0.9999473
0149.jpg,0.99971175
0766.jpg,0.99859244
1705.jpg,0.99977213
4921.jpg,0.9998963
3550.jpg,0.99978906
3560.jpg,0.99986464
3778.jpg,0.99892503
2932.jpg,0.999381
3764.jpg,0.99996907
0674.jpg,0.9998184
3765.jpg,0.99994177
2462.jpg,0.9998083
0171.jpg,0.9998224
1530.jpg,0.99959713
1628.jpg,0.9999449
4289.jpg,0.99965674
1308.jpg,0.99986297
4281.jpg,0.9858826
0520.jpg,0.99941903
4085.jpg,0.999549
0941.jpg,0.9998228
0409.jpg,0.99967813
2014.jpg,0.99985236
3164.jpg,0.9992196
2975.jpg,0.9973299
2705.jpg,0.9998781
4373.jpg,0.9998463
4137.jpg,0.9998823
2529.jpg,0.99755764
4858.jpg,0.99984354
1778.jpg,0.99891466
2231.jpg,0.9996825
3426.jpg,0.9998958
2450.jpg,0.99985164
3478.jpg,0.99897677
0330.jpg,0.9996802
0201.jpg,0.99980074
1150.jpg,0.9999563
2659.jpg,0.9999283
1971.jpg,0.9998042
0748.jpg,0.99992114
4396.jpg,0.9982352
1557.jpg,0.9998047
3228.jpg,0.99998015
4254.jpg,0.9990091
0901.jpg,0.9997956
0871.jpg,0.9998414
3432.jpg,0.99951285
3583.jpg,0.9967975
4416.jpg,0.999821
2123.jpg,0.99978465
4341.jpg,0.9998164
4484.jpg,0.9998317
0913.jpg,0.9996318
0965.jpg,0.9994056
3803.jpg,0.99967855
1713.jpg,0.9999525
3191.jpg,0.99988383
4537.jpg,0.99972343
1716.jpg,0.9985183
3230.jpg,0.9998069
3267.jpg,0.99988693
0698.jpg,0.9991905
0734.jpg,0.9999099
3464.jpg,0.999163
3337.jpg,0.9999251
3657.jpg,0.998339
4050.jpg,0.9889409
4950.jpg,0.9995651
1467.jpg,0.9988489
3441.jpg,0.9982793
3283.jpg,0.9998641
2375.jpg,0.99975055
2202.jpg,0.99989635
4239.jpg,0.99874926
4365.jpg,0.9978156
3378.jpg,0.99936026
3028.jpg,0.99984163
3587.jpg,0.99939704
3774.jpg,0.999818
4023.jpg,0.99892
3404.jpg,0.9993766
1081.jpg,0.99949837
0916.jpg,0.9998295
0372.jpg,0.9994263
2654.jpg,0.999379
3385.jpg,0.9996026
4611.jpg,0.99998856
3254.jpg,0.9989758
3805.jpg,0.99955887
2582.jpg,0.99989605
4280.jpg,0.99983925
0731.jpg,0.99982744
2833.jpg,0.99778724
3107.jpg,0.9998035
1547.jpg,0.9999292
1373.jpg,0.9999395
1162.jpg,0.99952507
1487.jpg,0.9956255
2184.jpg,0.99990964
0930.jpg,0.9992552
4025.jpg,0.99794775
1485.jpg,0.9983836
0406.jpg,0.99964815
2817.jpg,0.9999531
0661.jpg,0.99977803
3981.jpg,0.99987483
2945.jpg,0.99973243
4232.jpg,0.99977404
3685.jpg,0.999952
2475.jpg,0.9981737
3137.jpg,0.99976826
2315.jpg,0.99968964
0249.jpg,0.99996525
4561.jpg,0.9998915
0029.jpg,0.99995846
3797.jpg,0.9997464
2953.jpg,0.9981895
0940.jpg,0.99985147
4625.jpg,0.9877567
3728.jpg,0.9993558
2686.jpg,0.9985571
0936.jpg,0.9993491
0563.jpg,0.9999392
0050.jpg,0.9996433
4826.jpg,0.9999256
1766.jpg,0.9996049
1251.jpg,0.9998688
2110.jpg,0.9999183
3839.jpg,0.99948764
1379.jpg,0.9991579
3336.jpg,0.99994415
3166.jpg,0.9991687
3613.jpg,0.99965596
2897.jpg,0.9992924
0812.jpg,0.99984425
2261.jpg,0.9999048
0701.jpg,0.99993896
4907.jpg,0.9990401
1429.jpg,0.99975586
0562.jpg,0.99942017
1190.jpg,0.99959856
2696.jpg,0.99937344
0695.jpg,0.9987392
3003.jpg,0.99988985
2420.jpg,0.9998111
4309.jpg,0.99994975
1116.jpg,0.99693537
3606.jpg,0.9999652
1566.jpg,0.999949
1166.jpg,0.9996924
2603.jpg,0.9945598
1663.jpg,0.9998241
4925.jpg,0.99969554
3215.jpg,0.9998886
2824.jpg,0.9990395
3786.jpg,0.9997522
4556.jpg,0.9984996
3345.jpg,0.99953824
3420.jpg,0.99972445
1168.jpg,0.99413323
1597.jpg,0.9996049
1842.jpg,0.9999388
0856.jpg,0.9997719
4517.jpg,0.9997051
3376.jpg,0.9995578
0530.jpg,0.99981195
1770.jpg,0.999384
1415.jpg,0.99939156
3876.jpg,0.9961498
4832.jpg,0.9997058
4223.jpg,0.9999036
3545.jpg,0.99969083
1272.jpg,0.9999439
2155.jpg,0.999499
4571.jpg,0.9995999
1929.jpg,0.99989104
1339.jpg,0.99778193
2290.jpg,0.9998393
3461.jpg,0.99996775
0369.jpg,0.99980634
4768.jpg,0.9998962
3596.jpg,0.9999175
2381.jpg,0.99989986
4159.jpg,0.999675
4444.jpg,0.9993262
2608.jpg,0.99984854
1571.jpg,0.9996467
3184.jpg,0.9992878
4753.jpg,0.99980456
4552.jpg,0.99966526
3046.jpg,0.99946696
0107.jpg,0.99977
3121.jpg,0.9999132
1993.jpg,0.9994219
2728.jpg,0.99987435
1173.jpg,0.9983511
4651.jpg,0.9984867
1831.jpg,0.9998827
3979.jpg,0.9998582
3241.jpg,0.99995166
0898.jpg,0.999883
1949.jpg,0.99994016
4710.jpg,0.99983877
2360.jpg,0.99973017
4888.jpg,0.99979347
3948.jpg,0.9985463
2387.jpg,0.9987734
4536.jpg,0.9986002
0538.jpg,0.99977636
4895.jpg,0.9992812
0634.jpg,0.9973743
2250.jpg,0.9925728
0907.jpg,0.9997042
1270.jpg,0.9998905
1474.jpg,0.999788
2543.jpg,0.9993503
0318.jpg,0.9988033
3889.jpg,0.99891454
3823.jpg,0.99528885
4135.jpg,0.99973416
2493.jpg,0.99955684
0918.jpg,0.9999192
3050.jpg,0.9997799
4474.jpg,0.99928546
3438.jpg,0.9997959
1656.jpg,0.99983186
3896.jpg,0.99933213
3175.jpg,0.99812293
2159.jpg,0.99672484
0548.jpg,0.9989994
0048.jpg,0.9998924
3503.jpg,0.99937385
3791.jpg,0.9997671
3681.jpg,0.9996794
4473.jpg,0.99988556
3582.jpg,0.9993863
0554.jpg,0.99939305
0795.jpg,0.9999431
0497.jpg,0.9996241
0085.jpg,0.99981874
4884.jpg,0.9998557
0861.jpg,0.9999177
4575.jpg,0.99988574
0044.jpg,0.9993835
3360.jpg,0.99986666
4069.jpg,0.99920684
0598.jpg,0.9999125
0450.jpg,0.99862915
1948.jpg,0.99982625
3256.jpg,0.99977845
3965.jpg,0.99812555
3286.jpg,0.99978876
4860.jpg,0.9999102
4944.jpg,0.99931484
4231.jpg,0.9999492
3011.jpg,0.9999667
3930.jpg,0.9974231
2959.jpg,0.9998862
2016.jpg,0.9998254
4557.jpg,0.9998808
1816.jpg,0.9983817
3219.jpg,0.9925911
0656.jpg,0.9995485
3942.jpg,0.99928164
4074.jpg,0.9989622
2326.jpg,0.9997661
2228.jpg,0.9998973
2027.jpg,0.9954443
0280.jpg,0.99997187
3382.jpg,0.9999142
4672.jpg,0.999892
3569.jpg,0.9997378
2094.jpg,0.9991608
2748.jpg,0.99829465
3277.jpg,0.999804
4833.jpg,0.99988633
3941.jpg,0.9996241
0476.jpg,0.9992113
1813.jpg,0.9998317
0996.jpg,0.9998699
4591.jpg,0.9999171
4481.jpg,0.99987966
1117.jpg,0.9996334
0816.jpg,0.9960163
3245.jpg,0.99985766
1392.jpg,0.9993257
0683.jpg,0.9998305
4524.jpg,0.9975376
2964.jpg,0.99984187
0093.jpg,0.99975634
1749.jpg,0.99968857
4670.jpg,0.9968409
4318.jpg,0.99977046
4270.jpg,0.99970824
3124.jpg,0.99827147
3559.jpg,0.99985814
2240.jpg,0.99924016
0643.jpg,0.9999695
2075.jpg,0.9995384
2572.jpg,0.9997422
1368.jpg,0.99974734
4088.jpg,0.9984003
3859.jpg,0.99986917
4821.jpg,0.99996585
2088.jpg,0.9997897
3664.jpg,0.999901
3610.jpg,0.9978253
4221.jpg,0.9998474
3051.jpg,0.9997265
2373.jpg,0.99996215
4358.jpg,0.999974
2349.jpg,0.9998529
1370.jpg,0.9998246
0764.jpg,0.9985272
0971.jpg,0.9994196
1164.jpg,0.999939
0284.jpg,0.99905205
3943.jpg,0.9999338
0977.jpg,0.99919885
3878.jpg,0.9998123
0591.jpg,0.99809057
3009.jpg,0.99993443
0747.jpg,0.99976367
2550.jpg,0.9998277
1323.jpg,0.99960667
1679.jpg,0.99982613
4540.jpg,0.9997947
2976.jpg,0.9999345
2273.jpg,0.9997521
1398.jpg,0.99641013
3687.jpg,0.99974203
3007.jpg,0.99994254
1040.jpg,0.9994367
2166.jpg,0.99992746
2507.jpg,0.9999351
0161.jpg,0.99991924
1540.jpg,0.9998539
4761.jpg,0.99990076
0542.jpg,0.9997311
2465.jpg,0.99680847
1563.jpg,0.998528
2828.jpg,0.99903154
0349.jpg,0.9999557
3090.jpg,0.99956363
1941.jpg,0.99962753
3475.jpg,0.99998045
1872.jpg,0.9998912
1823.jpg,0.9998471
1155.jpg,0.99893594
2898.jpg,0.99961495
4930.jpg,0.99913186
2908.jpg,0.9979322
1549.jpg,0.999507
3509.jpg,0.9976533
2855.jpg,0.9981254
1622.jpg,0.9998939
3624.jpg,0.99961454
0136.jpg,0.9999645
3816.jpg,0.9992452
3024.jpg,0.99976856
1579.jpg,0.99947697
1548.jpg,0.9995834
1018.jpg,0.99796337
0216.jpg,0.9996588
2292.jpg,0.9999406
4222.jpg,0.9999535
4959.jpg,0.9999278
2597.jpg,0.9987669
3730.jpg,0.9999415
2579.jpg,0.9985803
0057.jpg,0.999939
3742.jpg,0.99937844
0420.jpg,0.994129
2049.jpg,0.9997553
4970.jpg,0.99980307
4543.jpg,0.9998126
1680.jpg,0.99932003
2337.jpg,0.9999458
4442.jpg,0.99989194
0737.jpg,0.99953526
0310.jpg,0.9999511
2999.jpg,0.9989131
4544.jpg,0.9999339
2477.jpg,0.9997794
3611.jpg,0.9999353
4986.jpg,0.99983
3976.jpg,0.99977875
1217.jpg,0.9994717
3607.jpg,0.9995148
2026.jpg,0.99989367
0693.jpg,0.99984235
3027.jpg,0.99982053
0396.jpg,0.9911602
0400.jpg,0.99957347
2066.jpg,0.99950093
3098.jpg,0.99869967
4603.jpg,0.9997757
3933.jpg,0.99912643
2380.jpg,0.9998703
4282.jpg,0.9997079
4468.jpg,0.99994546
1254.jpg,0.9998658
0065.jpg,0.99993354
3892.jpg,0.9997363
3353.jpg,0.99942446
2695.jpg,0.9991353
3552.jpg,0.99990934
4340.jpg,0.99975175
0976.jpg,0.99984455
3044.jpg,0.99992937
3881.jpg,0.9999861
2342.jpg,0.99986726
0742.jpg,0.9996919
2498.jpg,0.999912
2278.jpg,0.99992067
4056.jpg,0.9998963
1775.jpg,0.99986774
4871.jpg,0.99990416
2482.jpg,0.9997749
2411.jpg,0.9995287
4154.jpg,0.99961853
1924.jpg,0.998817
1771.jpg,0.9999213
1121.jpg,0.9987664
1177.jpg,0.99904066
1951.jpg,0.9997197
3349.jpg,0.99994063
2409.jpg,0.99988985
4712.jpg,0.9998707
4520.jpg,0.999734
4601.jpg,0.9997473
4480.jpg,0.99912256
4105.jpg,0.9984202
2690.jpg,0.99863607
3022.jpg,0.9997173
0980.jpg,0.99995655
0433.jpg,0.9994915
2630.jpg,0.99981934
2840.jpg,0.99975395
1180.jpg,0.99998564
1498.jpg,0.99935603
2013.jpg,0.9999006
3962.jpg,0.9995882
0590.jpg,0.99943024
0428.jpg,0.9998071
4766.jpg,0.9980561
4483.jpg,0.9999756
4418.jpg,0.9998625
4657.jpg,0.9997137
2444.jpg,0.9998865
4127.jpg,0.9994969
1851.jpg,0.99949414
3302.jpg,0.9998638
4659.jpg,0.9990566
2806.jpg,0.9948551
0874.jpg,0.99969316
1500.jpg,0.99968535
2985.jpg,0.9997382
1744.jpg,0.9985964
2548.jpg,0.9999493
3476.jpg,0.99808687
3315.jpg,0.99479246
4040.jpg,0.9989543
0959.jpg,0.98968977
1374.jpg,0.99976087
0592.jpg,0.9990566
0224.jpg,0.99945545
3486.jpg,0.99754447
0214.jpg,0.99954945
0032.jpg,0.9999414
1143.jpg,0.99936986
3961.jpg,0.99954814
3439.jpg,0.9997181
3317.jpg,0.99987465
3632.jpg,0.999907
1246.jpg,0.99994236
0007.jpg,0.99941015
4409.jpg,0.99821824
2839.jpg,0.99969393
3456.jpg,0.9997727
1344.jpg,0.9998248
1985.jpg,0.99971795
4003.jpg,0.99969006
0791.jpg,0.99979013
4718.jpg,0.9997348
2671.jpg,0.99984556
0836.jpg,0.99966407
3864.jpg,0.999621
3518.jpg,0.9995861
2495.jpg,0.9996402
3210.jpg,0.9999847
2521.jpg,0.9995541
4426.jpg,0.99832016
1961.jpg,0.9995441
4203.jpg,0.9997835
0972.jpg,0.99985886
0422.jpg,0.9999256
1402.jpg,0.9996361
2698.jpg,0.99984425
4646.jpg,0.99992347
0547.jpg,0.99890345
2549.jpg,0.9999319
1196.jpg,0.9998197
3880.jpg,0.9994077
0311.jpg,0.999211
4356.jpg,0.99949163
1812.jpg,0.9993961
3174.jpg,0.994232
4404.jpg,0.9998374
3459.jpg,0.9999428
3041.jpg,0.9998916
1559.jpg,0.9958803
1531.jpg,0.99989223
1997.jpg,0.9997218
0838.jpg,0.99995404
4168.jpg,0.99970126
2136.jpg,0.99880505
1477.jpg,0.9997608
3727.jpg,0.9998322
2995.jpg,0.99768084
4443.jpg,0.9996009
3331.jpg,0.999954
4385.jpg,0.9998157
1231.jpg,0.9998632
4303.jpg,0.9996631
4938.jpg,0.9996051
2445.jpg,0.99965066
3148.jpg,0.9998477
3128.jpg,0.9999356
0012.jpg,0.99734354
3893.jpg,0.99972343
1650.jpg,0.99980783
3380.jpg,0.99975187
1319.jpg,0.9932785
3784.jpg,0.9994996
1743.jpg,0.9987522
1128.jpg,0.9987118
3386.jpg,0.99981713
4668.jpg,0.9993381
0279.jpg,0.99994844
0022.jpg,0.9998494
0696.jpg,0.9760813
2253.jpg,0.99968606
0480.jpg,0.9998993
4873.jpg,0.99961543
4044.jpg,0.9999203
1856.jpg,0.9998786
4720.jpg,0.99980134
0155.jpg,0.9997504
4080.jpg,0.9999678
0635.jpg,0.9981022
2670.jpg,0.999945
0134.jpg,0.99944574
4330.jpg,0.99991107
1710.jpg,0.99992365
0672.jpg,0.99971277
1973.jpg,0.99967724
3494.jpg,0.9983825
4746.jpg,0.9996617
2882.jpg,0.9998026
4744.jpg,0.9999147
3233.jpg,0.9996507
4777.jpg,0.99890417
3680.jpg,0.9994752
0218.jpg,0.99990493
4806.jpg,0.99898225
2553.jpg,0.9993777
3181.jpg,0.9999561
2890.jpg,0.9998743
1239.jpg,0.99994546
0300.jpg,0.9995434
2645.jpg,0.99991435
0979.jpg,0.99941105
1054.jpg,0.9998675
3629.jpg,0.99898434
2260.jpg,0.99971753
1007.jpg,0.9996758
3949.jpg,0.9920824
1514.jpg,0.9999234
3868.jpg,0.99491876
0416.jpg,0.99984926
2596.jpg,0.9999388
0981.jpg,0.9998987
1905.jpg,0.99972105
3842.jpg,0.999888
4171.jpg,0.9940868
2570.jpg,0.99978
1082.jpg,0.9998226
1565.jpg,0.99977493
1263.jpg,0.9998812
3673.jpg,0.9997454
4613.jpg,0.9998519
0156.jpg,0.9991495
0174.jpg,0.99986696
4802.jpg,0.99901795
4153.jpg,0.9987139
1296.jpg,0.9963066
0231.jpg,0.9988163
1356.jpg,0.9991911
0082.jpg,0.9994499
0021.jpg,0.99948996
3017.jpg,0.99790144
1381.jpg,0.9998235
2017.jpg,0.9999462
4845.jpg,0.99932534
3418.jpg,0.9999278
3444.jpg,0.9998417
2341.jpg,0.9997883
3395.jpg,0.9994901
2928.jpg,0.9999073
0160.jpg,0.99994546
4037.jpg,0.99962085
3917.jpg,0.9998868
1637.jpg,0.99979514
4932.jpg,0.9999618
1326.jpg,0.9998966
0985.jpg,0.99996966
0255.jpg,0.9986959
1986.jpg,0.9997733
2216.jpg,0.99462456
1211.jpg,0.99976134
3971.jpg,0.99979097
1904.jpg,0.99994546
0109.jpg,0.99987715
3787.jpg,0.9993696
2329.jpg,0.9999654
1258.jpg,0.9998668
4295.jpg,0.99981076
4036.jpg,0.9986139
0378.jpg,0.998921
1334.jpg,0.995526
2790.jpg,0.9996738
4918.jpg,0.9998147
2554.jpg,0.99996406
3281.jpg,0.9997613
2525.jpg,0.9995521
4411.jpg,0.9996755
4988.jpg,0.9998813
2247.jpg,0.9998167
0955.jpg,0.99979347
1257.jpg,0.996995
2667.jpg,0.99959546
0707.jpg,0.9993443
0510.jpg,0.999918
1105.jpg,0.9999532
4992.jpg,0.9998536
2144.jpg,0.9848941
1553.jpg,0.9994257
1825.jpg,0.9998494
4547.jpg,0.99995923
1265.jpg,0.9999226
3944.jpg,0.99988747
1482.jpg,0.9998223
2028.jpg,0.9994522
2683.jpg,0.99947983
2900.jpg,0.997078
0817.jpg,0.99991417
1694.jpg,0.99840194
0801.jpg,0.99977946
1320.jpg,0.99995637
4902.jpg,0.9998663
2407.jpg,0.99978846
4208.jpg,0.99909806
4787.jpg,0.9998925
3469.jpg,0.99820906
3897.jpg,0.9991138
3288.jpg,0.99992347
4108.jpg,0.99973375
1518.jpg,0.99996465
3114.jpg,0.9986866
1758.jpg,0.9999366
3906.jpg,0.99966955
0558.jpg,0.9998439
4972.jpg,0.9998484
4913.jpg,0.99775285
2977.jpg,0.99790794
0148.jpg,0.9974533
3356.jpg,0.9997764
4729.jpg,0.99971694
3720.jpg,0.99995047
3561.jpg,0.9999395
1275.jpg,0.99989444
2607.jpg,0.9999612
0844.jpg,0.99928576
0872.jpg,0.9985335
3304.jpg,0.99919814
2002.jpg,0.99980015
0933.jpg,0.99985045
4286.jpg,0.9998646
2474.jpg,0.99957496
4513.jpg,0.99901205
2980.jpg,0.9997384
0752.jpg,0.99988127
0323.jpg,0.99982196
3083.jpg,0.99903154
2478.jpg,0.9997723
4251.jpg,0.9987634
3227.jpg,0.99963063
3954.jpg,0.99797326
1188.jpg,0.9984615
2513.jpg,0.9998973
3841.jpg,0.99988204
1796.jpg,0.9998457
1494.jpg,0.9999283
4859.jpg,0.9994447
2946.jpg,0.98723525
4173.jpg,0.9999834
4499.jpg,0.9964133
0777.jpg,0.9999666
2287.jpg,0.9999034
4550.jpg,0.99931544
2127.jpg,0.9997859
1673.jpg,0.9998493
2984.jpg,0.99978274
3598.jpg,0.99992037
1532.jpg,0.99996084
2514.jpg,0.99995834
4034.jpg,0.9951293
4388.jpg,0.9997466
2456.jpg,0.9998167
4336.jpg,0.9987128
1269.jpg,0.9992371
4060.jpg,0.9998157
2021.jpg,0.9942654
2566.jpg,0.99971515
0117.jpg,0.9998999
3087.jpg,0.9999106
2752.jpg,0.9961389
0053.jpg,0.99973965
0264.jpg,0.99993104
4967.jpg,0.99924654
0195.jpg,0.999451
2595.jpg,0.99828625
4528.jpg,0.9998334
4027.jpg,0.9982691
4130.jpg,0.99941796
0652.jpg,0.9996248
4648.jpg,0.9985209
3502.jpg,0.99951285
0991.jpg,0.9998665
2154.jpg,0.99997324
0078.jpg,0.9998463
1669.jpg,0.999878
0205.jpg,0.99992317
4548.jpg,0.9995928
1388.jpg,0.9982326
3549.jpg,0.9996223
2225.jpg,0.99987227
1282.jpg,0.99888915
4472.jpg,0.9999285
3507.jpg,0.99985486
2694.jpg,0.99988586
4864.jpg,0.9997592
2555.jpg,0.99744916
0227.jpg,0.9987778
0139.jpg,0.9998994
1957.jpg,0.9997789
4892.jpg,0.9996832
4756.jpg,0.99994844
4436.jpg,0.9987795
2688.jpg,0.9990689
4487.jpg,0.99976826
2476.jpg,0.99963397
3712.jpg,0.9997687
3468.jpg,0.9995842
3292.jpg,0.99990517
0724.jpg,0.99993014
0939.jpg,0.9989371
2388.jpg,0.9997569
4158.jpg,0.9999564
3882.jpg,0.99963427
1299.jpg,0.9988795
2238.jpg,0.9999082
4118.jpg,0.9989448
0550.jpg,0.98872066
3222.jpg,0.98834294
3068.jpg,0.9985137
3900.jpg,0.9998934
4072.jpg,0.99995464
3604.jpg,0.9996743
2120.jpg,0.9992466
0154.jpg,0.99988204
3117.jpg,0.9999601
0531.jpg,0.99818724
4565.jpg,0.9998453
4726.jpg,0.998312
2562.jpg,0.9999604
3744.jpg,0.99968976
4247.jpg,0.9993248
0251.jpg,0.99896485
3824.jpg,0.9997442
4264.jpg,0.9998047
2841.jpg,0.9998866
3858.jpg,0.9998227
2590.jpg,0.9995125
1735.jpg,0.9964315
4708.jpg,0.99994355
1420.jpg,0.9986696
3329.jpg,0.9985237
3813.jpg,0.99989754
1627.jpg,0.9998913
1647.jpg,0.9991317
4612.jpg,0.9995196
1788.jpg,0.99954814
3473.jpg,0.9995573
0067.jpg,0.9970741
3795.jpg,0.999233
3755.jpg,0.99903625
3289.jpg,0.9969905
2601.jpg,0.99865216
2415.jpg,0.99973154
2244.jpg,0.9999426
2965.jpg,0.99972266
1295.jpg,0.999875
1387.jpg,0.99976844
4144.jpg,0.9998519
4813.jpg,0.9995227
1219.jpg,0.9998402
1297.jpg,0.9997573
3572.jpg,0.9999704
1541.jpg,0.9988606
2057.jpg,0.99842644
4586.jpg,0.9981165
4593.jpg,0.99950176
0453.jpg,0.9998162
1624.jpg,0.9999647
4434.jpg,0.9999275
1213.jpg,0.99995446
4714.jpg,0.99989253
0709.jpg,0.9999421
0414.jpg,0.99984264
0667.jpg,0.99996823
3556.jpg,0.9995177
1141.jpg,0.9999404
0883.jpg,0.99952435
4637.jpg,0.9998903
4752.jpg,0.9997902
2134.jpg,0.9998698
2524.jpg,0.9983503
3986.jpg,0.9997969
1915.jpg,0.99985194
2581.jpg,0.99984497
0177.jpg,0.9977932
1830.jpg,0.99994594
4234.jpg,0.9997849
1879.jpg,0.9999506
2072.jpg,0.9997551
0632.jpg,0.99935
3391.jpg,0.9998508
4479.jpg,0.9998937
1016.jpg,0.9999616
3999.jpg,0.99975246
2569.jpg,0.99972486
3903.jpg,0.9999289
3690.jpg,0.99988264
4949.jpg,0.9996474
3574.jpg,0.99974555
0505.jpg,0.9983029
3263.jpg,0.9999693
4641.jpg,0.99986166
3077.jpg,0.9999407
1996.jpg,0.9999179
1197.jpg,0.99989253
1194.jpg,0.99991775
3323.jpg,0.9998255
0114.jpg,0.99867105
3782.jpg,0.99981695
0892.jpg,0.9998335
2015.jpg,0.99931806
2175.jpg,0.9995816
2551.jpg,0.99980634
3894.jpg,0.99991727
1281.jpg,0.9987435
2739.jpg,0.99983245
0248.jpg,0.9996726
1692.jpg,0.99988467
1643.jpg,0.9998705
2611.jpg,0.99980026
4632.jpg,0.998661
3205.jpg,0.9998478
4349.jpg,0.99963
3788.jpg,0.99984574
3105.jpg,0.99765927
3452.jpg,0.99980825
3879.jpg,0.99989337
1027.jpg,0.99991536
0727.jpg,0.9996291
1578.jpg,0.9831378
2043.jpg,0.9986575
2449.jpg,0.99965006
1461.jpg,0.9998495
2510.jpg,0.99934334
3601.jpg,0.9997453
3139.jpg,0.9999888
0638.jpg,0.9981132
4511.jpg,0.9963641
3661.jpg,0.9980924
4684.jpg,0.9996336
0485.jpg,0.9998092
3384.jpg,0.9999263
2552.jpg,0.9999075
0172.jpg,0.9996145
4391.jpg,0.99961025
3209.jpg,0.99983627
0723.jpg,0.9999628
2643.jpg,0.9998562
0888.jpg,0.99984384
0572.jpg,0.9994629
2991.jpg,0.9963332
0549.jpg,0.9969165
1978.jpg,0.9879511
0252.jpg,0.9995949
1176.jpg,0.99988675
0062.jpg,0.99943304
0597.jpg,0.9998948
1757.jpg,0.9988794
4339.jpg,0.9999414
1990.jpg,0.99995494
2111.jpg,0.9957283
4386.jpg,0.99979544
2835.jpg,0.99993557
2212.jpg,0.9991131
3697.jpg,0.9999645
3537.jpg,0.9999313
0494.jpg,0.999979
1570.jpg,0.99962157
4505.jpg,0.99802154
2189.jpg,0.9999353
2563.jpg,0.99970335
4370.jpg,0.99995995
3528.jpg,0.9997167
0535.jpg,0.99997705
4279.jpg,0.99974376
2068.jpg,0.99990463
2714.jpg,0.9998834
3311.jpg,0.9992392
2377.jpg,0.99969095
1786.jpg,0.9997844
0668.jpg,0.9995296
3644.jpg,0.99789906
2176.jpg,0.9994459
0710.jpg,0.9998223
4073.jpg,0.9987099
0111.jpg,0.9998913
1932.jpg,0.9929804
0322.jpg,0.9999688
2306.jpg,0.99967295
3530.jpg,0.9993942
3659.jpg,0.99989986
4204.jpg,0.99984366
3623.jpg,0.9995379
4315.jpg,0.99990296
2213.jpg,0.9999625
2254.jpg,0.9996845
3429.jpg,0.99996305
4639.jpg,0.99952215
4169.jpg,0.9999507
4293.jpg,0.9996707
0944.jpg,0.9997354
4688.jpg,0.9997482
3276.jpg,0.9999764
1981.jpg,0.9998374
0275.jpg,0.99979645
4531.jpg,0.9999309
1435.jpg,0.9998575
2386.jpg,0.99948627
1747.jpg,0.9995974
2592.jpg,0.9960966
3213.jpg,0.9990349
0281.jpg,0.9854479
3280.jpg,0.99975586
3093.jpg,0.9998415
3716.jpg,0.99724334
3724.jpg,0.9997687
3773.jpg,0.9995968
2053.jpg,0.9995808
0575.jpg,0.9999698
2156.jpg,0.9995083
3877.jpg,0.9999249
3458.jpg,0.99856514
4990.jpg,0.99893665
3851.jpg,0.99913836
2004.jpg,0.9955008
1610.jpg,0.9997916
2661.jpg,0.9972151
4243.jpg,0.99983454
2339.jpg,0.9998579
2751.jpg,0.99984765
1574.jpg,0.99946827
1255.jpg,0.99904174
3833.jpg,0.9991899
4996.jpg,0.9997209
0413.jpg,0.99964136
2087.jpg,0.99994177
3958.jpg,0.99986666
3576.jpg,0.9997668
2069.jpg,0.9998234
4200.jpg,0.9998329
3108.jpg,0.9998885
3142.jpg,0.99988866
0446.jpg,0.9994939
0256.jpg,0.99984175
1789.jpg,0.99986666
1878.jpg,0.99404556
1809.jpg,0.9992559
1900.jpg,0.9999235
0841.jpg,0.9993043
3614.jpg,0.9998931
0226.jpg,0.99974114
2700.jpg,0.99973685
0152.jpg,0.9998264
4390.jpg,0.9999289
2888.jpg,0.99986213
2951.jpg,0.9998085
1697.jpg,0.9999506
2684.jpg,0.996835
4516.jpg,0.99994683
0386.jpg,0.99699235
2831.jpg,0.9992532
1646.jpg,0.9997043
1361.jpg,0.99920565
3904.jpg,0.99979514
0943.jpg,0.9997275
0084.jpg,0.99978137
2792.jpg,0.9998805
1316.jpg,0.9995741
1376.jpg,0.9997285
0958.jpg,0.99615425
4228.jpg,0.99982476
0068.jpg,0.99888366
1250.jpg,0.9989645
1575.jpg,0.99985963
0511.jpg,0.9975476
4094.jpg,0.9997285
0911.jpg,0.9973579
0303.jpg,0.99989516
1338.jpg,0.9998169
4494.jpg,0.99987197
2997.jpg,0.9997394
1554.jpg,0.9997131
4628.jpg,0.99995804
4915.jpg,0.99979424
1807.jpg,0.99982756
0163.jpg,0.999825
2832.jpg,0.999336
4576.jpg,0.99989253
1966.jpg,0.99984163
2141.jpg,0.99597543
2689.jpg,0.9998982
1982.jpg,0.9999068
1051.jpg,0.99957657
2906.jpg,0.99658704
0153.jpg,0.9999835
2192.jpg,0.99936944
3342.jpg,0.9998198
3351.jpg,0.99997216
1307.jpg,0.9997371
0020.jpg,0.9999806
2818.jpg,0.9976968
0463.jpg,0.9998564
3265.jpg,0.999855
1765.jpg,0.9996504
0800.jpg,0.99986535
0290.jpg,0.99977344
2859.jpg,0.9997708
3819.jpg,0.999724
1802.jpg,0.99854845
1434.jpg,0.99980277
2575.jpg,0.9999438
4284.jpg,0.99955577
1651.jpg,0.9999495
0583.jpg,0.9998881
4609.jpg,0.9988188
1585.jpg,0.99968195
0523.jpg,0.99991316
4814.jpg,0.999626
1755.jpg,0.99989825
4038.jpg,0.9998452
2257.jpg,0.9972649
0831.jpg,0.9998713
3129.jpg,0.9997173
2312.jpg,0.9998679
4719.jpg,0.99991804
2511.jpg,0.9997311
0814.jpg,0.9999582
1084.jpg,0.9999659
1658.jpg,0.9999562
1506.jpg,0.9991055
0479.jpg,0.99990207
4445.jpg,0.99710435
0495.jpg,0.9995498
3198.jpg,0.99990577
3790.jpg,0.9999612
0376.jpg,0.99966484
0699.jpg,0.9990885
0452.jpg,0.9996702
1001.jpg,0.9998412
4209.jpg,0.9970317
4250.jpg,0.99970084
4904.jpg,0.9975025
0957.jpg,0.99995977
3997.jpg,0.99946564
2006.jpg,0.9998267
3015.jpg,0.9999342
2516.jpg,0.999733
3159.jpg,0.99970526
4926.jpg,0.9998676
1907.jpg,0.9999282
2602.jpg,0.99983644
0770.jpg,0.99958724
3330.jpg,0.99895954
0404.jpg,0.9998849
2251.jpg,0.9995883
3035.jpg,0.9998539
1397.jpg,0.9997988
1274.jpg,0.9998092
1631.jpg,0.9997174
0886.jpg,0.99964905
3663.jpg,0.9998145
4782.jpg,0.9987276
2936.jpg,0.9997043
2819.jpg,0.9998541
0533.jpg,0.99993724
0627.jpg,0.9998112
3915.jpg,0.99992925
3793.jpg,0.9997937
2800.jpg,0.9994255
0647.jpg,0.9992883
3978.jpg,0.9998264
3532.jpg,0.9998438
0461.jpg,0.999626
2916.jpg,0.9988901
1709.jpg,0.9967782
0789.jpg,0.9998319
3658.jpg,0.9982841
1256.jpg,0.999921
3066.jpg,0.99959165
2453.jpg,0.99952227
1450.jpg,0.9989962
0143.jpg,0.99987817
1207.jpg,0.99988
0449.jpg,0.9995687
2711.jpg,0.9992638
2881.jpg,0.99996287
3208.jpg,0.9998867
4518.jpg,0.9998176
1714.jpg,0.9998848
2879.jpg,0.99982995
0993.jpg,0.9999249
4530.jpg,0.9996057
2064.jpg,0.9998954
3034.jpg,0.9993047
3666.jpg,0.9998234
4106.jpg,0.9995089
4850.jpg,0.999885
1003.jpg,0.99982625
0415.jpg,0.9987133
1711.jpg,0.9992847
3810.jpg,0.99992627
3602.jpg,0.9997437
1632.jpg,0.9998529
0850.jpg,0.9992289
1756.jpg,0.9999029
1928.jpg,0.9997566
3450.jpg,0.9997222
0202.jpg,0.99961257
1433.jpg,0.99957865
3866.jpg,0.9965227
0244.jpg,0.99986243
4115.jpg,0.99987555
1704.jpg,0.9998048
4117.jpg,0.9992942
0514.jpg,0.99951714
4099.jpg,0.99890274
3702.jpg,0.99960726
4549.jpg,0.9999601
3154.jpg,0.99822026
3434.jpg,0.9995552
3867.jpg,0.99983627
1151.jpg,0.9998162
2893.jpg,0.9986916
0633.jpg,0.9999051
4514.jpg,0.9998414
1700.jpg,0.99995154
2811.jpg,0.99981123
1428.jpg,0.99753666
2105.jpg,0.9999769
4617.jpg,0.99992275
4599.jpg,0.99801844
0071.jpg,0.99987286
0438.jpg,0.9954048
1471.jpg,0.9998491
4079.jpg,0.9966771
0880.jpg,0.999722
0265.jpg,0.99831414
1863.jpg,0.99853754
1138.jpg,0.9993736
0601.jpg,0.9999775
0060.jpg,0.9998395
2183.jpg,0.9998509
1862.jpg,0.99974173
4360.jpg,0.9999757
1264.jpg,0.99983066
0779.jpg,0.9998701
0964.jpg,0.9997606
2650.jpg,0.9999614
4578.jpg,0.99961925
0317.jpg,0.9996569
4112.jpg,0.9994591
4781.jpg,0.99836
4022.jpg,0.99980193
1736.jpg,0.9998248
1495.jpg,0.9997883
2219.jpg,0.9979346
1302.jpg,0.99991155
1021.jpg,0.99752635
3005.jpg,0.9998896
3368.jpg,0.999893
3141.jpg,0.9997943
1154.jpg,0.9996554
3513.jpg,0.9996476
4615.jpg,0.99981457
1681.jpg,0.94445777
1019.jpg,0.9999299
4257.jpg,0.9997578
4703.jpg,0.9990332
4838.jpg,0.99968153
3370.jpg,0.99969655
0328.jpg,0.9995575
1115.jpg,0.99620605
4501.jpg,0.99794245
2944.jpg,0.9993624
3719.jpg,0.99957913
0580.jpg,0.99551415
0493.jpg,0.99895906
2398.jpg,0.9999636
3865.jpg,0.9986625
0435.jpg,0.9965339
1760.jpg,0.9993081
2899.jpg,0.9995298
4421.jpg,0.99977344
0665.jpg,0.9998824
0736.jpg,0.99889517
4523.jpg,0.99968606
1869.jpg,0.9997851
0763.jpg,0.999868
1212.jpg,0.99953455
2692.jpg,0.99988073
2412.jpg,0.99986416
3455.jpg,0.99984807
3580.jpg,0.9979002
4839.jpg,0.99992675
4856.jpg,0.99987125
4954.jpg,0.99987763
3597.jpg,0.99992377
3487.jpg,0.9983477
3062.jpg,0.9994083
2674.jpg,0.99940634
0477.jpg,0.99996024
1364.jpg,0.9998627
2719.jpg,0.9981647
2536.jpg,0.99997425
2162.jpg,0.99959916
3907.jpg,0.999876
0401.jpg,0.9997294
3511.jpg,0.9998956
0579.jpg,0.9999263
4878.jpg,0.9989787
1066.jpg,0.9997396
2583.jpg,0.99945
4052.jpg,0.999636
2431.jpg,0.9996388
1328.jpg,0.99993736
3740.jpg,0.9998613
0762.jpg,0.9987998
2863.jpg,0.9999576
2871.jpg,0.99919647
4509.jpg,0.9995393
1205.jpg,0.999911
1199.jpg,0.99991196
1645.jpg,0.99989223
1330.jpg,0.99984556
1241.jpg,0.9997006
4865.jpg,0.99971527
4316.jpg,0.9992927
3261.jpg,0.99966526
3300.jpg,0.9998612
3379.jpg,0.99981123
0853.jpg,0.9999183
4157.jpg,0.98174995
2404.jpg,0.9998639
2864.jpg,0.99618834
0196.jpg,0.9999177
2699.jpg,0.9997647
1677.jpg,0.99760026
4711.jpg,0.9999296
4658.jpg,0.9994936
1608.jpg,0.9987741
1340.jpg,0.9910453
2052.jpg,0.99953836
2177.jpg,0.9995663
3147.jpg,0.9996903
2331.jpg,0.9969981
3118.jpg,0.99952596
1731.jpg,0.99990517
2716.jpg,0.9998545
3936.jpg,0.9995043
0098.jpg,0.99997306
0842.jpg,0.9993883
1345.jpg,0.99454147
0043.jpg,0.9999442
2504.jpg,0.99797183
4754.jpg,0.9977974
1465.jpg,0.99871373
1286.jpg,0.9999457
0294.jpg,0.9998551
0546.jpg,0.99976164
3831.jpg,0.9999037
2804.jpg,0.995055
0393.jpg,0.99483985
0015.jpg,0.9997356
3419.jpg,0.99984545
4681.jpg,0.9996689
0211.jpg,0.99993414
0379.jpg,0.99969345
0679.jpg,0.99974746
0221.jpg,0.9991074
4713.jpg,0.9993045
2322.jpg,0.99955076
2526.jpg,0.9997105
0347.jpg,0.9998856
3520.jpg,0.9997781
0636.jpg,0.9996099
3490.jpg,0.9926123
3780.jpg,0.9997483
0909.jpg,0.9997434
4432.jpg,0.99959296
1615.jpg,0.9992911
2612.jpg,0.9998732
1805.jpg,0.99981093
3125.jpg,0.9989279
3101.jpg,0.9998641
3116.jpg,0.9993685
1098.jpg,0.9949248
0630.jpg,0.9997759
2647.jpg,0.9998493
4533.jpg,0.9999039
0822.jpg,0.9979312
3638.jpg,0.9994469
4680.jpg,0.9989822
3156.jpg,0.99982244
1824.jpg,0.99983746
4738.jpg,0.9992857
0023.jpg,0.9995432
0978.jpg,0.99874634
0732.jpg,0.9999302
4440.jpg,0.99753875
4870.jpg,0.99973613
1798.jpg,0.99976516
4778.jpg,0.99986315
1152.jpg,0.9983406
4771.jpg,0.99980384
0745.jpg,0.9993512
0864.jpg,0.99974173
4702.jpg,0.99812585
4790.jpg,0.99989873
2872.jpg,0.99999714
3781.jpg,0.9994831
2178.jpg,0.9998705
2600.jpg,0.9997421
2205.jpg,0.9976511
3138.jpg,0.9999144
2194.jpg,0.9993269
1542.jpg,0.99978
4166.jpg,0.9999003
2631.jpg,0.9997859
2172.jpg,0.9999468
4470.jpg,0.9996951
1841.jpg,0.9993593
1195.jpg,0.9999292
2774.jpg,0.9999005
3052.jpg,0.9999287
4605.jpg,0.99986076
2914.jpg,0.99988174
2744.jpg,0.9999258
1206.jpg,0.9997793
4354.jpg,0.9999428
2668.jpg,0.9996725
2837.jpg,0.9990926
3332.jpg,0.9992034
3508.jpg,0.99995416
2950.jpg,0.999883
3722.jpg,0.9998444
1944.jpg,0.9997639
1592.jpg,0.99969786
3488.jpg,0.998391
2715.jpg,0.99987215
1142.jpg,0.9997863
2032.jpg,0.9886759
4311.jpg,0.9999046
4508.jpg,0.9999666
4653.jpg,0.9995509
2000.jpg,0.99975866
0966.jpg,0.999772
2267.jpg,0.9994667
1695.jpg,0.99995804
3968.jpg,0.9986077
0884.jpg,0.99990004
0254.jpg,0.99900264
4454.jpg,0.999235
4245.jpg,0.9981785
4013.jpg,0.99985045
0568.jpg,0.99932224
0165.jpg,0.99976784
2291.jpg,0.99992305
0537.jpg,0.9999501
0704.jpg,0.99725753
3401.jpg,0.9996566
0995.jpg,0.999098
0793.jpg,0.99902725
3103.jpg,0.99972194
0123.jpg,0.9995091
4825.jpg,0.9998953
0091.jpg,0.9997427
0690.jpg,0.99986863
0984.jpg,0.99853176
3481.jpg,0.9998696
4542.jpg,0.99990386
1322.jpg,0.9998881
0425.jpg,0.9998217
0899.jpg,0.99941653
0922.jpg,0.9997113
2568.jpg,0.9997944
3670.jpg,0.9960995
4772.jpg,0.99689317
4677.jpg,0.9987765
2923.jpg,0.9998555
2354.jpg,0.99897546
2887.jpg,0.99959594
1568.jpg,0.9999539
1858.jpg,0.9998779
0242.jpg,0.9998689
0882.jpg,0.99985987
4595.jpg,0.99998593
0327.jpg,0.99994564
1881.jpg,0.9999454
3871.jpg,0.9999322
3249.jpg,0.99990773
1090.jpg,0.99993664
2416.jpg,0.9999048
3521.jpg,0.9990297
4951.jpg,0.9998944
0832.jpg,0.9991353
2895.jpg,0.9997363
4769.jpg,0.9997795
2963.jpg,0.99988264
2805.jpg,0.9959716
2283.jpg,0.99915785
1732.jpg,0.9996061
1499.jpg,0.9990001
1181.jpg,0.99982756
2734.jpg,0.99876285
1769.jpg,0.99873406
4301.jpg,0.9999633
0529.jpg,0.9999209
2012.jpg,0.9992542
4408.jpg,0.9998188
2725.jpg,0.99980944
4683.jpg,0.9986315
4506.jpg,0.9999601
0234.jpg,0.98854136
1740.jpg,0.9998937
0331.jpg,0.99988383
1044.jpg,0.99994487
3704.jpg,0.9984768
4747.jpg,0.9999706
1310.jpg,0.9998472
0804.jpg,0.9981897
3171.jpg,0.99996
4446.jpg,0.9999252
2919.jpg,0.99985695
0498.jpg,0.99901015
1742.jpg,0.9999547
2586.jpg,0.99994725
2707.jpg,0.9998103
0270.jpg,0.9995045
1751.jpg,0.9995932
1642.jpg,0.9997737
4189.jpg,0.99950314
0271.jpg,0.99982333
0206.jpg,0.99932355
4627.jpg,0.9999122
0609.jpg,0.9997727
0253.jpg,0.9995474
1618.jpg,0.999551
4590.jpg,0.9991525
2528.jpg,0.99996406
4816.jpg,0.99985045
3568.jpg,0.9989235
0637.jpg,0.9999323
4762.jpg,0.9998903
4686.jpg,0.9999301
2759.jpg,0.9999266
1198.jpg,0.9997992
2243.jpg,0.9995043
1611.jpg,0.9999288
4837.jpg,0.9999433
1170.jpg,0.999494
4297.jpg,0.9999501
4161.jpg,0.9998636
0138.jpg,0.9997218
1832.jpg,0.99990624
0070.jpg,0.99994206
4477.jpg,0.9976242
1581.jpg,0.99992275
2395.jpg,0.99920017
0305.jpg,0.9999282
1562.jpg,0.99764395
0834.jpg,0.9994836
1480.jpg,0.99990577
3043.jpg,0.9999706
2564.jpg,0.9997938
0345.jpg,0.99916524
1898.jpg,0.99965525
1952.jpg,0.9999144
4095.jpg,0.99946576
1355.jpg,0.9997535
3195.jpg,0.99801135
0755.jpg,0.99810237
2079.jpg,0.99974805
4277.jpg,0.99970263
3161.jpg,0.9996791
2502.jpg,0.9989622
0377.jpg,0.9998358
3451.jpg,0.9998321
4361.jpg,0.9994417
4889.jpg,0.999835
0278.jpg,0.99958414
0197.jpg,0.9994438
3415.jpg,0.99877626
1417.jpg,0.9997625
1617.jpg,0.9995943
1888.jpg,0.999677
2920.jpg,0.99992204
2865.jpg,0.9990271
3187.jpg,0.9998979
2755.jpg,0.99973994
3772.jpg,0.99989384
0663.jpg,0.9999257
0314.jpg,0.9972852
0373.jpg,0.9998067
1441.jpg,0.9999192
3977.jpg,0.99994487
0504.jpg,0.99984246
4896.jpg,0.9998927
0203.jpg,0.99996877
1236.jpg,0.99987906
4796.jpg,0.9727623
1707.jpg,0.99971485
3767.jpg,0.99919707
4732.jpg,0.99981546
4567.jpg,0.99955386
1969.jpg,0.999716
3524.jpg,0.9984786
0190.jpg,0.99944276
1723.jpg,0.99759585
0754.jpg,0.9994924
3506.jpg,0.9985142
1894.jpg,0.9998264
3341.jpg,0.99936914
2921.jpg,0.9998707
1639.jpg,0.9997892
4211.jpg,0.9994932
3406.jpg,0.99957466
3070.jpg,0.99950796
0506.jpg,0.998571
0439.jpg,0.99970883
1655.jpg,0.9994343
1594.jpg,0.9995117
3505.jpg,0.9998172
0426.jpg,0.9999342
1678.jpg,0.99955875
1171.jpg,0.9997788
1052.jpg,0.99993914
4496.jpg,0.9996135
3822.jpg,0.999654
1794.jpg,0.9996836
3913.jpg,0.99981076
1233.jpg,0.9996729
4943.jpg,0.99649113
3807.jpg,0.9999137
1623.jpg,0.9999325
1262.jpg,0.9993805
2703.jpg,0.9995442
0945.jpg,0.99986774
4642.jpg,0.9999137
2616.jpg,0.9999929
4818.jpg,0.99995106
2732.jpg,0.9997708
4869.jpg,0.9992804
0677.jpg,0.9997466
1229.jpg,0.9999122
4265.jpg,0.99995834
2103.jpg,0.99553514
2346.jpg,0.9998649
1472.jpg,0.99976784
3662.jpg,0.9993852
4326.jpg,0.99976486
3111.jpg,0.99954146
4935.jpg,0.9999048
4102.jpg,0.9997771
2788.jpg,0.9993341
0681.jpg,0.99969745
4120.jpg,0.99982744
0320.jpg,0.99994826
1385.jpg,0.9970835
0715.jpg,0.999224
1453.jpg,0.9998269
0013.jpg,0.99926615
3836.jpg,0.9999011
0178.jpg,0.9997489
2609.jpg,0.9999218
4937.jpg,0.9997554
2971.jpg,0.99975103
3358.jpg,0.99973965
3969.jpg,0.9997609
3427.jpg,0.9999185
2430.jpg,0.9995765
2589.jpg,0.9987466
0805.jpg,0.9999189
1283.jpg,0.99987847
4874.jpg,0.9997061
4695.jpg,0.9998427
0212.jpg,0.9993992
0829.jpg,0.9987247
3484.jpg,0.999888
4977.jpg,0.999216
3255.jpg,0.99889916
3808.jpg,0.9997645
0749.jpg,0.9980595
2523.jpg,0.9999321
1670.jpg,0.99866134
0914.jpg,0.9974869
0896.jpg,0.99783176
1235.jpg,0.9936895
0788.jpg,0.9997802
3303.jpg,0.99941134
3278.jpg,0.99989396
0919.jpg,0.9989264
1845.jpg,0.999814
0496.jpg,0.9998967
0934.jpg,0.99427193
3538.jpg,0.9998012
0326.jpg,0.9996071
1876.jpg,0.9998319
2867.jpg,0.9989035
0040.jpg,0.9997868
1247.jpg,0.99987
4002.jpg,0.9997788
4559.jpg,0.9999559
4327.jpg,0.9998889
3677.jpg,0.99979085
4216.jpg,0.99946594
2823.jpg,0.9996295
2894.jpg,0.9994677
4706.jpg,0.99949425
3850.jpg,0.9998861
3963.jpg,0.99931496
3733.jpg,0.99975705
3483.jpg,0.99993056
0039.jpg,0.9997476
0599.jpg,0.9998509
0036.jpg,0.99740654
3236.jpg,0.9999337
4936.jpg,0.9997778
1431.jpg,0.99980885
0623.jpg,0.99991983
3316.jpg,0.9996588
4274.jpg,0.99983233
4193.jpg,0.99994653
4207.jpg,0.9999457
1767.jpg,0.999504
1722.jpg,0.9998264
4770.jpg,0.9960938
4798.jpg,0.99958104
3714.jpg,0.9994283
1534.jpg,0.9995012
0391.jpg,0.99988484
4078.jpg,0.9994778
3407.jpg,0.99918264
1976.jpg,0.99958533
4310.jpg,0.99981904
2118.jpg,0.99971145
0626.jpg,0.9996677
0101.jpg,0.99895006
2853.jpg,0.9994159
1546.jpg,0.9998947
0750.jpg,0.999945
2535.jpg,0.9997894
0608.jpg,0.99949837
3579.jpg,0.98985004
3860.jpg,0.9998576
0646.jpg,0.9977584
2003.jpg,0.9998503
1527.jpg,0.99330324
1836.jpg,0.9992674
4809.jpg,0.9999144
4148.jpg,0.99983907
1224.jpg,0.9999587
2907.jpg,0.9989691
3856.jpg,0.9998481
4696.jpg,0.99978894
4049.jpg,0.9998719
1582.jpg,0.99984187
1377.jpg,0.9985516
2116.jpg,0.99995613
2740.jpg,0.9968118
4894.jpg,0.9994757
2463.jpg,0.99998903
3563.jpg,0.9998552
2107.jpg,0.9910824
3045.jpg,0.99160546
0728.jpg,0.9998848
1958.jpg,0.99952906
0660.jpg,0.9999268
0159.jpg,0.99982643
4982.jpg,0.99986774
1252.jpg,0.99827737
3652.jpg,0.9995553
0802.jpg,0.99976236
2873.jpg,0.999882
2697.jpg,0.99875623
1390.jpg,0.99984676
3589.jpg,0.99991184
1516.jpg,0.99969524
2311.jpg,0.9998506
2561.jpg,0.99980545
0876.jpg,0.99965197
0239.jpg,0.9991431
1926.jpg,0.999778
1885.jpg,0.9997666
1440.jpg,0.9998751
3400.jpg,0.99928397
1676.jpg,0.99884456
4629.jpg,0.99941736
4504.jpg,0.9997217
2577.jpg,0.9999509
3246.jpg,0.99995404
0607.jpg,0.99988586
4352.jpg,0.9998622
3679.jpg,0.99983114
1586.jpg,0.998679
3206.jpg,0.9998537
0792.jpg,0.99927086
3453.jpg,0.9997828
2809.jpg,0.99889845
2070.jpg,0.99950624
4638.jpg,0.9994726
2124.jpg,0.9996944
1133.jpg,0.99875665
3132.jpg,0.9998698
1053.jpg,0.9991615
1935.jpg,0.99987584
0315.jpg,0.99824923
0772.jpg,0.9997959
1291.jpg,0.99945265
0670.jpg,0.9994683
1689.jpg,0.9997377
0973.jpg,0.9997733
1808.jpg,0.9997444
2369.jpg,0.9997807
0478.jpg,0.9996868
3510.jpg,0.9997981
1479.jpg,0.9999886
2422.jpg,0.9998467
1029.jpg,0.9997563
3019.jpg,0.99981683
1701.jpg,0.9997118
1686.jpg,0.9997861
3297.jpg,0.9996597
3058.jpg,0.99971896
1448.jpg,0.99994165
3374.jpg,0.9995102
2436.jpg,0.99984163
2960.jpg,0.9978005
1174.jpg,0.9988062
3348.jpg,0.9997131
4999.jpg,0.9998062
1009.jpg,0.99982303
4630.jpg,0.99986666
2917.jpg,0.9998546
3071.jpg,0.99986905
3064.jpg,0.9998334
4588.jpg,0.99987864
2448.jpg,0.99991864
2470.jpg,0.9887151
0735.jpg,0.9996731
2983.jpg,0.99981254
1490.jpg,0.99959356
2685.jpg,0.99857545
2125.jpg,0.9996136
0448.jpg,0.99981594
1414.jpg,0.99976486
1501.jpg,0.99955994
0274.jpg,0.99980336
0881.jpg,0.9998192
3798.jpg,0.99969006
0867.jpg,0.99993724
4125.jpg,0.99942285
4129.jpg,0.99923474
2847.jpg,0.9994452
1129.jpg,0.99991274
4793.jpg,0.99985343
3647.jpg,0.9980018
0370.jpg,0.99987364
2604.jpg,0.9993965
3899.jpg,0.999964
1470.jpg,0.9998501
0927.jpg,0.99961853
3901.jpg,0.9998889
2876.jpg,0.9997676
4879.jpg,0.99995995
4462.jpg,0.9998398
0603.jpg,0.99977714
4045.jpg,0.9972847
1169.jpg,0.99912596
1510.jpg,0.99865526
1418.jpg,0.9998019
4570.jpg,0.99948555
1357.jpg,0.99812657
4387.jpg,0.9997309
0743.jpg,0.9998229
0982.jpg,0.9992669
1504.jpg,0.9997249
2065.jpg,0.9919912
0417.jpg,0.99979585
2371.jpg,0.99251336
4134.jpg,0.9999027
2095.jpg,0.99936634
0576.jpg,0.99965423
3616.jpg,0.99971986
4899.jpg,0.99983793
2717.jpg,0.999726
4854.jpg,0.9995602
4299.jpg,0.99984914
0906.jpg,0.9996298
4737.jpg,0.999934
1126.jpg,0.9998626
1002.jpg,0.999702
2352.jpg,0.9997117
2179.jpg,0.99969214
2258.jpg,0.9995065
4805.jpg,0.9993437
1835.jpg,0.99890834
2576.jpg,0.99990726
1442.jpg,0.98129934
1840.jpg,0.99932176
4456.jpg,0.99987286
1938.jpg,0.9999508
3987.jpg,0.99957937
0405.jpg,0.99979466
0491.jpg,0.9996992
2400.jpg,0.9993879
0283.jpg,0.99961835
2479.jpg,0.99991363
0689.jpg,0.9988251
3594.jpg,0.9999294
1635.jpg,0.99995226
0617.jpg,0.9998503
3779.jpg,0.99970657
2182.jpg,0.9918251
3012.jpg,0.9999804
2129.jpg,0.9998649
4007.jpg,0.99988884
1261.jpg,0.9998191
2791.jpg,0.9994013
1877.jpg,0.9995819
2593.jpg,0.99953634
0815.jpg,0.99645543
4519.jpg,0.99940157
0199.jpg,0.99964213
3735.jpg,0.9998291
0877.jpg,0.9994852
3334.jpg,0.9871366
0051.jpg,0.9970679
0087.jpg,0.9999078
4376.jpg,0.9999302
0031.jpg,0.9997275
1191.jpg,0.99578017
3953.jpg,0.9998235
4823.jpg,0.99997777
4912.jpg,0.99971837
0989.jpg,0.99998426
2973.jpg,0.99909496
0073.jpg,0.9999161
4619.jpg,0.99990624
3421.jpg,0.9997876
4201.jpg,0.99971825
2303.jpg,0.99990326
1708.jpg,0.9997979
1595.jpg,0.99987316
4538.jpg,0.99995446
0042.jpg,0.99965876
5000.jpg,0.9998432
0460.jpg,0.9998982
0395.jpg,0.99901223
0166.jpg,0.99990755
4397.jpg,0.9998247
4000.jpg,0.99995637
4136.jpg,0.9992223
2001.jpg,0.9992897
0657.jpg,0.99988675
1358.jpg,0.9997671
3120.jpg,0.999723
0726.jpg,0.99462986
0095.jpg,0.9992152
1667.jpg,0.9999266
3605.jpg,0.99984044
3063.jpg,0.99805146
1083.jpg,0.99952334
1318.jpg,0.9997282
4329.jpg,0.9907343
0181.jpg,0.99945194
1359.jpg,0.9998498
1660.jpg,0.9998942
1921.jpg,0.9983931
4114.jpg,0.99989796
3130.jpg,0.99848413
4584.jpg,0.99938565
1101.jpg,0.99986
3073.jpg,0.99957156
4953.jpg,0.99965745
0605.jpg,0.9999388
2974.jpg,0.999886
1386.jpg,0.99744797
3410.jpg,0.9996534
1899.jpg,0.9998004
3291.jpg,0.99986166
4976.jpg,0.9996281
2796.jpg,0.99984217
2761.jpg,0.99959904
1017.jpg,0.99947137
2780.jpg,0.99989676
3533.jpg,0.9981076
0005.jpg,0.99976987
0307.jpg,0.9998703
3909.jpg,0.9998736
1120.jpg,0.9993796
2328.jpg,0.99989057
0931.jpg,0.9998283
2614.jpg,0.9993868
0843.jpg,0.9998836
1289.jpg,0.9999234
2885.jpg,0.9990285
0666.jpg,0.9998128
4797.jpg,0.9992426
0824.jpg,0.99979323
4185.jpg,0.9998379
0335.jpg,0.99991274
4402.jpg,0.99936754
1829.jpg,0.9998307
0811.jpg,0.9985542
2503.jpg,0.9971488
2869.jpg,0.99870723
2406.jpg,0.9996972
0621.jpg,0.9992884
3326.jpg,0.9998322
3136.jpg,0.9999414
2560.jpg,0.99971575
3703.jpg,0.99979657
1768.jpg,0.9993052
2978.jpg,0.99992704
2722.jpg,0.99971694
0167.jpg,0.9993637
2494.jpg,0.99984556
1158.jpg,0.9999698
4553.jpg,0.9987938
4039.jpg,0.99923915
4475.jpg,0.9998701
4463.jpg,0.99973994
4764.jpg,0.9998198
2335.jpg,0.9984665
2096.jpg,0.99988943
3372.jpg,0.998643
3854.jpg,0.9986603
1432.jpg,0.9999678
2054.jpg,0.99996597
3377.jpg,0.99931866
2139.jpg,0.9999706
3152.jpg,0.9997768
2741.jpg,0.9980342
1887.jpg,0.9998334
1267.jpg,0.9998382
2236.jpg,0.9998913
1343.jpg,0.99992007
0553.jpg,0.99777883
2641.jpg,0.9990375
3814.jpg,0.99961805
4447.jpg,0.99839187
3886.jpg,0.99907345
0858.jpg,0.9998853
2151.jpg,0.999947
4819.jpg,0.9979412
3412.jpg,0.9998023
1817.jpg,0.99972343
3193.jpg,0.9997732
3238.jpg,0.999713
0948.jpg,0.99989563
1110.jpg,0.9993787
2649.jpg,0.99989206
0559.jpg,0.99988264
0054.jpg,0.99893016
1086.jpg,0.9997468
1033.jpg,0.999862
0522.jpg,0.9992523
1118.jpg,0.9997248
1313.jpg,0.99932164
1497.jpg,0.9998932
0368.jpg,0.9993003
1065.jpg,0.9979885
3021.jpg,0.99985427
3037.jpg,0.9967943
0131.jpg,0.99944085
1946.jpg,0.99983066
2820.jpg,0.9961002
1410.jpg,0.99982333
0602.jpg,0.9994841
1657.jpg,0.9952059
1253.jpg,0.9956084
4217.jpg,0.99992126
4012.jpg,0.999932
3512.jpg,0.9995827
2317.jpg,0.99216515
1702.jpg,0.9990495
2954.jpg,0.99959224
0066.jpg,0.9998569
2321.jpg,0.99925464
2085.jpg,0.99988264
0019.jpg,0.9981885
0631.jpg,0.9997866
2428.jpg,0.99982077
4122.jpg,0.99983793
1449.jpg,0.9997867
0018.jpg,0.99964887
0288.jpg,0.9998808
1849.jpg,0.9986895
1048.jpg,0.9997723
4276.jpg,0.9980545
2181.jpg,0.9994499
2979.jpg,0.99958485
0519.jpg,0.9996008
2378.jpg,0.9997453
0675.jpg,0.99997616
2217.jpg,0.9989206
0276.jpg,0.99993783
2140.jpg,0.99977493
1934.jpg,0.9999133
2660.jpg,0.99985534
1210.jpg,0.9999128
4469.jpg,0.99863
1096.jpg,0.99996495
3339.jpg,0.99975306
4606.jpg,0.99675554
4084.jpg,0.9999042
3008.jpg,0.99849564
2211.jpg,0.9998506
1456.jpg,0.99951273
2810.jpg,0.99953467
2310.jpg,0.998564
2591.jpg,0.9996633
0443.jpg,0.99977565
0180.jpg,0.9998484
3082.jpg,0.99741584
3347.jpg,0.99987555
0588.jpg,0.9977257
3620.jpg,0.9998389
2905.jpg,0.99988025
0358.jpg,0.9999554
4452.jpg,0.9997382
4269.jpg,0.99990034
3472.jpg,0.9998224
2363.jpg,0.9999104
3183.jpg,0.9996552
3964.jpg,0.99993795
0716.jpg,0.9998431
3333.jpg,0.9988196
4820.jpg,0.99985224
1347.jpg,0.9993432
0895.jpg,0.9996864
1806.jpg,0.9984829
1959.jpg,0.9990849
0209.jpg,0.9999509
2248.jpg,0.99984974
4891.jpg,0.9997851
4698.jpg,0.9999683
2860.jpg,0.99996
3390.jpg,0.9999187
2982.jpg,0.99993235
2884.jpg,0.99573153
2040.jpg,0.9996062
2637.jpg,0.99992085
1222.jpg,0.99973893
0484.jpg,0.9991868
2531.jpg,0.9981713
0217.jpg,0.9999037
0857.jpg,0.99926716
4381.jpg,0.9990124
4465.jpg,0.9991284
4745.jpg,0.9998521
3696.jpg,0.9998422
2396.jpg,0.99991894
2307.jpg,0.9981907
1315.jpg,0.9999242
4748.jpg,0.99928164
4699.jpg,0.9987642
0312.jpg,0.9991643
0526.jpg,0.9998118
2701.jpg,0.9996454
3031.jpg,0.99985194
2434.jpg,0.998167
2255.jpg,0.9997851
3307.jpg,0.99991417
3536.jpg,0.99923176
1589.jpg,0.9997649
2382.jpg,0.999675
3802.jpg,0.9999159
3776.jpg,0.9995663
0049.jpg,0.99735117
1776.jpg,0.9999091
2676.jpg,0.99959916
0387.jpg,0.99985605
4464.jpg,0.9998283
2137.jpg,0.99920124
2399.jpg,0.99980736
2441.jpg,0.99990493
1394.jpg,0.99991894
3253.jpg,0.99980193
1940.jpg,0.9991815
0380.jpg,0.9995592
4579.jpg,0.9992699
4749.jpg,0.9993808
2958.jpg,0.99975556
2910.jpg,0.999706
1994.jpg,0.99979544
4061.jpg,0.99977493
1569.jpg,0.99980164
4489.jpg,0.9998314
0302.jpg,0.9967365
2816.jpg,0.9997437
1412.jpg,0.9998496
1380.jpg,0.997927
3252.jpg,0.9966213
0158.jpg,0.9995809
1983.jpg,0.9999139
0063.jpg,0.99968785
0516.jpg,0.99938935
3794.jpg,0.9999077
2256.jpg,0.999929
3074.jpg,0.99994594
0124.jpg,0.9979472
4103.jpg,0.9994318
1699.jpg,0.9989578
0375.jpg,0.99972814
1419.jpg,0.99977994
3312.jpg,0.99993414
3247.jpg,0.9999225
0176.jpg,0.99984837
2485.jpg,0.99997354
4733.jpg,0.99971503
4614.jpg,0.9996093
1551.jpg,0.99995613
0106.jpg,0.99951
2200.jpg,0.9967255
4773.jpg,0.9999423
3361.jpg,0.9999504
3818.jpg,0.9995349
0474.jpg,0.9999125
0915.jpg,0.9997756
1920.jpg,0.9994788
2113.jpg,0.9999853
4405.jpg,0.99967986
2452.jpg,0.99985045
3947.jpg,0.9999233
4757.jpg,0.9997979
4624.jpg,0.99985045
4090.jpg,0.99976975
0483.jpg,0.9996775
2379.jpg,0.9987574
3320.jpg,0.9998324
4062.jpg,0.9999702
1544.jpg,0.99940807
4322.jpg,0.99980783
4175.jpg,0.99994445
1249.jpg,0.99996203
1991.jpg,0.99987936
2763.jpg,0.99987245
4701.jpg,0.9998996
3834.jpg,0.9999237
3413.jpg,0.99060935
3757.jpg,0.99987584
1726.jpg,0.99964046
3921.jpg,0.9988439
4478.jpg,0.9996845
4100.jpg,0.9997747
0739.jpg,0.9999726
2615.jpg,0.99996024
0058.jpg,0.99983376
2334.jpg,0.9984378
1780.jpg,0.99979323
3769.jpg,0.99867535
0729.jpg,0.9999469
0469.jpg,0.99989796
2047.jpg,0.99978095
2461.jpg,0.99879056
3695.jpg,0.9989732
2101.jpg,0.9998715
0515.jpg,0.9996317
0974.jpg,0.9989419
3686.jpg,0.9999576
2886.jpg,0.999223
0126.jpg,0.99982375
2652.jpg,0.9996207
1698.jpg,0.99958354
1962.jpg,0.9997365
0557.jpg,0.9961896
3762.jpg,0.9997907
2938.jpg,0.9999104
1729.jpg,0.9981813
2538.jpg,0.9999704
2084.jpg,0.99995184
3928.jpg,0.99965316
3846.jpg,0.9998777
1050.jpg,0.9997704
2389.jpg,0.9999278
4490.jpg,0.9996698
3305.jpg,0.9998808
2227.jpg,0.99989086
0080.jpg,0.99977875
1896.jpg,0.9998351
0232.jpg,0.999928
4564.jpg,0.9995764
4534.jpg,0.9999811
2610.jpg,0.99985224
2299.jpg,0.9996684
2497.jpg,0.999872
3201.jpg,0.99976
1424.jpg,0.99973184
4664.jpg,0.99996537
2246.jpg,0.9999075
4346.jpg,0.99988
1383.jpg,0.9978289
2188.jpg,0.9981845
3709.jpg,0.999897
3799.jpg,0.9988906
3873.jpg,0.9970963
3970.jpg,0.99938124
1937.jpg,0.99929255
4267.jpg,0.99977154
1916.jpg,0.99943143
4715.jpg,0.9996373
3275.jpg,0.99956673
2815.jpg,0.999723
2653.jpg,0.9998186
0419.jpg,0.9981901
1144.jpg,0.9997428
3826.jpg,0.9998705
1089.jpg,0.9995985
1184.jpg,0.99932843
0942.jpg,0.9997771
3251.jpg,0.99999565
2836.jpg,0.99916774
4004.jpg,0.9993443
3564.jpg,0.9999139
4975.jpg,0.9998619
1636.jpg,0.99993545
1157.jpg,0.9992077
4855.jpg,0.9992989
2636.jpg,0.99997336
3557.jpg,0.999893
0361.jpg,0.99979717
1131.jpg,0.9998832
3783.jpg,0.9998882
2041.jpg,0.9998812
2173.jpg,0.9997305
0088.jpg,0.9979217
0262.jpg,0.99994564
3939.jpg,0.99991566
0873.jpg,0.9993482
4973.jpg,0.999788
4594.jpg,0.9998943
4890.jpg,0.9999562
4852.jpg,0.99963504
1995.jpg,0.9999106
0250.jpg,0.9999402
1511.jpg,0.9947581
0076.jpg,0.9999247
4035.jpg,0.99947435
3775.jpg,0.99933845
1535.jpg,0.999891
0774.jpg,0.9998991
2130.jpg,0.999584
0765.jpg,0.99961406
0204.jpg,0.99991924
3270.jpg,0.9995156
0578.jpg,0.99993515
0897.jpg,0.99952286
4091.jpg,0.99988514
4621.jpg,0.9989073
3660.jpg,0.9997234
4431.jpg,0.99981236
2170.jpg,0.99991256
4172.jpg,0.99977237
1333.jpg,0.99972606
0185.jpg,0.999759
3738.jpg,0.99339294
2777.jpg,0.99984694
1092.jpg,0.9958291
2314.jpg,0.9998409
0468.jpg,0.9996371
4587.jpg,0.9996467
3996.jpg,0.9996479
2293.jpg,0.99982494
1468.jpg,0.9997673
4016.jpg,0.99936205
4933.jpg,0.9999156
0119.jpg,0.9997985
1186.jpg,0.9999125
0482.jpg,0.9994206
0397.jpg,0.99992806
2019.jpg,0.999759
4827.jpg,0.9997165
0859.jpg,0.9996197
0502.jpg,0.9994858
0225.jpg,0.9998041
3994.jpg,0.9997351
4795.jpg,0.99854255
3322.jpg,0.99983835
0145.jpg,0.9999679
0445.jpg,0.9998357
4313.jpg,0.9995001
0182.jpg,0.99980897
0447.jpg,0.9998522
4126.jpg,0.9999788
4876.jpg,0.99933904
4743.jpg,0.9995819
4643.jpg,0.9999421
4515.jpg,0.9998309
4551.jpg,0.9995396
3182.jpg,0.9995515
2770.jpg,0.99987125
3018.jpg,0.9994678
0150.jpg,0.99968475
3618.jpg,0.99963874
3314.jpg,0.99991465
4941.jpg,0.9996566
4716.jpg,0.9998316
1108.jpg,0.99701506
4585.jpg,0.9998579
2857.jpg,0.99985003
0769.jpg,0.9999015
1087.jpg,0.9998035
2460.jpg,0.99985296
1848.jpg,0.9998209
3718.jpg,0.9998434
2989.jpg,0.99917465
3180.jpg,0.99993396
3585.jpg,0.999923
2646.jpg,0.9999013
0052.jpg,0.99986506
0852.jpg,0.9998377
4312.jpg,0.9995534
1047.jpg,0.99974513
1515.jpg,0.99986315
0596.jpg,0.9989438
2764.jpg,0.9997317
1436.jpg,0.9994455
2171.jpg,0.9999551
3885.jpg,0.99912184
3405.jpg,0.9996843
0086.jpg,0.9971087
0830.jpg,0.9999084
3678.jpg,0.9998939
3250.jpg,0.99980927
0509.jpg,0.99795485
3338.jpg,0.9997813
1572.jpg,0.99989027
1064.jpg,0.9997766
0381.jpg,0.9979387
4371.jpg,0.9995179
1545.jpg,0.9998562
3985.jpg,0.9998675
2010.jpg,0.99776024
1668.jpg,0.99993277
3633.jpg,0.99992126
4328.jpg,0.9995771
2036.jpg,0.9999602
0336.jpg,0.99918455
3054.jpg,0.9994008
3634.jpg,0.99964064
1043.jpg,0.99977
2018.jpg,0.9999292
1954.jpg,0.99964553
4655.jpg,0.99982214
3366.jpg,0.9999211
3200.jpg,0.9975348
1395.jpg,0.99981755
0756.jpg,0.99987775
1306.jpg,0.9985381
3204.jpg,0.9999284
0682.jpg,0.9963789
1799.jpg,0.99982166
4689.jpg,0.99898595
1070.jpg,0.9993572
4922.jpg,0.9980135
4751.jpg,0.99995255
3919.jpg,0.9931771
3049.jpg,0.9999226
4021.jpg,0.99977875
1908.jpg,0.999801
1145.jpg,0.99932295
0606.jpg,0.99988383
4486.jpg,0.9997065
1200.jpg,0.9998791
1897.jpg,0.9983587
3911.jpg,0.99989325
2842.jpg,0.9991162
4554.jpg,0.9983208
1599.jpg,0.9998695
1925.jpg,0.99971294
2931.jpg,0.9992922
3134.jpg,0.99989516
2390.jpg,0.99817187
4618.jpg,0.99995476
3099.jpg,0.99831647
1004.jpg,0.9998142
0532.jpg,0.99964887
1630.jpg,0.99866277
4709.jpg,0.99461776
1478.jpg,0.9999032
2830.jpg,0.99938685
1160.jpg,0.99886686
1790.jpg,0.99963856
4848.jpg,0.99970955
4736.jpg,0.9988635
3710.jpg,0.9998525
3898.jpg,0.9997545
3470.jpg,0.9999463
1980.jpg,0.999448
2288.jpg,0.99986
4283.jpg,0.99976045
4394.jpg,0.99983805
4985.jpg,0.9999342
3800.jpg,0.99991155
4092.jpg,0.999949
1593.jpg,0.99866015
4589.jpg,0.99974275
3887.jpg,0.9989378
4174.jpg,0.99992156
0354.jpg,0.99829817
0362.jpg,0.99987894
0581.jpg,0.9974179
0457.jpg,0.9997248
3089.jpg,0.9997599
3628.jpg,0.9996118
2108.jpg,0.99995667
1127.jpg,0.99985415
1703.jpg,0.99961334
3581.jpg,0.99692744
4380.jpg,0.99137276
3437.jpg,0.9988261
2727.jpg,0.99942464
4128.jpg,0.99647456
0289.jpg,0.99945587
1826.jpg,0.9998724
2011.jpg,0.99966305
2302.jpg,0.99989206
3682.jpg,0.9997137
4458.jpg,0.9990538
1555.jpg,0.9986875
0295.jpg,0.99944216
1911.jpg,0.99965096
4885.jpg,0.99962026
2605.jpg,0.99960184
2889.jpg,0.9999463
2186.jpg,0.9998273
1324.jpg,0.99922293
3627.jpg,0.999111
1147.jpg,0.9997508
2587.jpg,0.99997026
2795.jpg,0.9999568
0975.jpg,0.99901813
2332.jpg,0.9997129
4569.jpg,0.9995076
3119.jpg,0.998224
3493.jpg,0.9996802
0094.jpg,0.9998705
1214.jpg,0.99915105
4306.jpg,0.999392
3217.jpg,0.99973935
3541.jpg,0.99563956
2209.jpg,0.99992687
1965.jpg,0.9998195
4377.jpg,0.99005324
2370.jpg,0.9998761
2518.jpg,0.9999113
0799.jpg,0.998858
2736.jpg,0.9999518
2655.jpg,0.99982804
0402.jpg,0.9999575
3838.jpg,0.9997699
0900.jpg,0.9999164
0780.jpg,0.9999258
0297.jpg,0.99997616
1520.jpg,0.9998296
4998.jpg,0.9995711
1293.jpg,0.9999098
3381.jpg,0.99985284
3409.jpg,0.99980074
4430.jpg,0.99881345
3924.jpg,0.9997826
1107.jpg,0.9997627
4656.jpg,0.99925613
3752.jpg,0.99833226
1288.jpg,0.9997886
2772.jpg,0.9999648
1260.jpg,0.99870795
3178.jpg,0.9957037
2658.jpg,0.99986523
1853.jpg,0.9998653
3109.jpg,0.999677
1080.jpg,0.99986917
0781.jpg,0.999749
2981.jpg,0.9999108
2361.jpg,0.9987108
1230.jpg,0.99831647
2731.jpg,0.9999787
0096.jpg,0.99994516
1523.jpg,0.9998979
0684.jpg,0.99987936
4433.jpg,0.99947745
3829.jpg,0.99954957
1795.jpg,0.99942535
2249.jpg,0.99927706
4028.jpg,0.9969797
4133.jpg,0.999849
0140.jpg,0.99986094
4491.jpg,0.99978524
2289.jpg,0.99982786
3830.jpg,0.99959034
4449.jpg,0.99966544
3113.jpg,0.9998742
4439.jpg,0.99956733
0725.jpg,0.99974984
1187.jpg,0.9998438
1321.jpg,0.9994951
1067.jpg,0.99982494
1408.jpg,0.9997056
3186.jpg,0.9999223
0353.jpg,0.99978536
2930.jpg,0.99798506
4010.jpg,0.9990735
4042.jpg,0.99983424
1892.jpg,0.9994235
2457.jpg,0.99983567
4647.jpg,0.999546
2208.jpg,0.9998259
4333.jpg,0.999561
3150.jpg,0.9996753
0352.jpg,0.99945116
1967.jpg,0.99991155
0567.jpg,0.9998854
4485.jpg,0.999589
1496.jpg,0.9997978
3457.jpg,0.99964267
2203.jpg,0.9999512
4958.jpg,0.9999447
4047.jpg,0.9998711
2793.jpg,0.99946505
4325.jpg,0.9997707
1366.jpg,0.99902344
2642.jpg,0.999959
1301.jpg,0.9996435
0775.jpg,0.9995632
1910.jpg,0.9993007
3036.jpg,0.99982
4661.jpg,0.9998856
3731.jpg,0.99994
2327.jpg,0.999947
1462.jpg,0.99986744
4033.jpg,0.99909073
0694.jpg,0.99629265
4660.jpg,0.9999073
0924.jpg,0.99959093
4857.jpg,0.9999697
1353.jpg,0.9935341
3279.jpg,0.9989756
4323.jpg,0.997426
3160.jpg,0.9999364
4429.jpg,0.9990516
4427.jpg,0.99988174
4685.jpg,0.9992731
0344.jpg,0.9998855
0952.jpg,0.9999408
1063.jpg,0.9999356
4760.jpg,0.99988025
0037.jpg,0.9996495
0946.jpg,0.9993493
4955.jpg,0.9988089
1583.jpg,0.999036
4679.jpg,0.99997
4525.jpg,0.9998819
2797.jpg,0.9902958
2766.jpg,0.9998896
2803.jpg,0.9998708
1022.jpg,0.9994306
3179.jpg,0.99833584
3501.jpg,0.99994785
4425.jpg,0.9998977
2941.jpg,0.999327
2333.jpg,0.9980437
1276.jpg,0.9998238
1737.jpg,0.99993116
3914.jpg,0.9999086
3918.jpg,0.9998644
4631.jpg,0.9999232
4497.jpg,0.9993525
4236.jpg,0.9999239
3725.jpg,0.9999363
3844.jpg,0.9998839
4030.jpg,0.9998062
1889.jpg,0.99934274
1819.jpg,0.9995617
3143.jpg,0.99993163
1641.jpg,0.99981266
4775.jpg,0.9997708
3260.jpg,0.9998029
3946.jpg,0.99955255
1123.jpg,0.99969035
2128.jpg,0.9998663
0539.jpg,0.99985695
1987.jpg,0.9999334
2078.jpg,0.9986
1341.jpg,0.99985296
4448.jpg,0.99973387
2821.jpg,0.999836
0524.jpg,0.9998191
2556.jpg,0.99977833
0893.jpg,0.9999156
3995.jpg,0.99995494
3446.jpg,0.9993841
4011.jpg,0.9973111
4573.jpg,0.9998958
1975.jpg,0.9994602
2682.jpg,0.9993191
1746.jpg,0.9998641
2480.jpg,0.9996364
2760.jpg,0.99956936
3065.jpg,0.999805
3477.jpg,0.99979395
0612.jpg,0.9951773
3940.jpg,0.9998483
1803.jpg,0.9999296
4070.jpg,0.99989
1659.jpg,0.99974424
1662.jpg,0.99986404
1573.jpg,0.99977714
2114.jpg,0.9991172
3165.jpg,0.99984056
4560.jpg,0.9995772
3479.jpg,0.9998603
2544.jpg,0.9990948
4758.jpg,0.99944496
2735.jpg,0.9996324
3218.jpg,0.98983264
1519.jpg,0.9994288
2305.jpg,0.9991699
2758.jpg,0.9998091
0287.jpg,0.986986
2215.jpg,0.99894124
0332.jpg,0.9995994
4183.jpg,0.99995446
4460.jpg,0.99975425
2210.jpg,0.99168485
2344.jpg,0.9999573
3029.jpg,0.9999211
0173.jpg,0.9999649
0833.jpg,0.99955726
1113.jpg,0.99989456
1457.jpg,0.99982494
4249.jpg,0.99978757
2733.jpg,0.9999895
0403.jpg,0.99984646
0760.jpg,0.99990743
4529.jpg,0.9997025
0258.jpg,0.99864596
2301.jpg,0.9997894
0103.jpg,0.9983224
0527.jpg,0.99985003
1300.jpg,0.9998963
4991.jpg,0.99949616
2673.jpg,0.99983734
2467.jpg,0.99810904
0267.jpg,0.9998824
2675.jpg,0.9998712
1648.jpg,0.9931369
3443.jpg,0.999718
0686.jpg,0.999922
0299.jpg,0.9999276
1521.jpg,0.999886
1112.jpg,0.99974436
0383.jpg,0.9996913
4645.jpg,0.99989694
1068.jpg,0.9994275
0708.jpg,0.9997657
2706.jpg,0.9998432
4031.jpg,0.9997802
0593.jpg,0.99992305
0399.jpg,0.9902471
2904.jpg,0.9998819
0219.jpg,0.99908453
3324.jpg,0.99985474
0009.jpg,0.99974984
3146.jpg,0.99964404
4669.jpg,0.9998305
2677.jpg,0.9988012
4314.jpg,0.9999039
3577.jpg,0.99923015
2629.jpg,0.9998882
4366.jpg,0.99965256
2580.jpg,0.99949956
2745.jpg,0.99951655
3983.jpg,0.9992083
3168.jpg,0.999578
0017.jpg,0.9997286
4467.jpg,0.99939466
2829.jpg,0.9995866
2789.jpg,0.9998644
0210.jpg,0.999912
0571.jpg,0.9984072
4799.jpg,0.9997464
0997.jpg,0.9997584
4182.jpg,0.9998993
3747.jpg,0.9840172
1884.jpg,0.99936956
1939.jpg,0.99972767
2320.jpg,0.99939126
4131.jpg,0.99995476
2896.jpg,0.9998427
3754.jpg,0.999301
0444.jpg,0.99992037
4909.jpg,0.9943065
4414.jpg,0.99929625
4867.jpg,0.9999723
0803.jpg,0.99851704
3756.jpg,0.99991447
2961.jpg,0.99981886
1298.jpg,0.9997482
3749.jpg,0.99573183
1672.jpg,0.9997621
3766.jpg,0.99972063
4406.jpg,0.9995041
2089.jpg,0.99232024
2330.jpg,0.99991137
2112.jpg,0.9998109
0215.jpg,0.99936104
0329.jpg,0.99995285
2025.jpg,0.99984354
1968.jpg,0.999821
2996.jpg,0.9999042
1505.jpg,0.99995184
0585.jpg,0.99861574
4202.jpg,0.9996931
4278.jpg,0.9998378
2622.jpg,0.9966283
2282.jpg,0.99789095
1350.jpg,0.99971414
0761.jpg,0.9999211
3825.jpg,0.99900216
1764.jpg,0.9996584
4788.jpg,0.99991274
4244.jpg,0.9999414
0517.jpg,0.999492
4694.jpg,0.9974808
2626.jpg,0.99973327
2850.jpg,0.9904135
2356.jpg,0.9995055
0992.jpg,0.99929786
4783.jpg,0.9991506
1242.jpg,0.9996435
3042.jpg,0.9996448
2308.jpg,0.999789
4350.jpg,0.9995741
2571.jpg,0.99867177
3110.jpg,0.9998196
1882.jpg,0.9997321
1620.jpg,0.999927
0545.jpg,0.99989
1024.jpg,0.9997726
3231.jpg,0.9994628
1590.jpg,0.999635
0926.jpg,0.99977976
3290.jpg,0.99946946
2281.jpg,0.99967456
3010.jpg,0.9997678
1977.jpg,0.99984676
4294.jpg,0.99994993
4765.jpg,0.9987145
3534.jpg,0.9996132
2875.jpg,0.9996929
4054.jpg,0.99989897
0489.jpg,0.99933773
3059.jpg,0.99985486
4841.jpg,0.99970055
1674.jpg,0.999901
1094.jpg,0.9998908
2060.jpg,0.999053
0411.jpg,0.99927783
0038.jpg,0.9998224
1685.jpg,0.9999129
2517.jpg,0.999661
2704.jpg,0.99153966
0746.jpg,0.99993247
2446.jpg,0.99743265
4009.jpg,0.99993926
1100.jpg,0.9998174
2082.jpg,0.99705654
1684.jpg,0.9998638
4582.jpg,0.9998757
4302.jpg,0.9999171
1654.jpg,0.9998121
0257.jpg,0.9997758
4347.jpg,0.9983042
1303.jpg,0.9993927
4053.jpg,0.9997599
0341.jpg,0.9998084
2730.jpg,0.9998784
4600.jpg,0.99968797
2891.jpg,0.9996407
1844.jpg,0.9957039
2099.jpg,0.9994758
2903.jpg,0.9996133
1078.jpg,0.999646
3489.jpg,0.99949485
0462.jpg,0.9999223
2613.jpg,0.99993944
4110.jpg,0.9999295
1363.jpg,0.9987145
4636.jpg,0.9992055
2050.jpg,0.999481
4488.jpg,0.999795
1606.jpg,0.999187
0321.jpg,0.99993914
4063.jpg,0.9999705
4419.jpg,0.9998161
1493.jpg,0.9998274
1409.jpg,0.99974775
3558.jpg,0.99963385
4240.jpg,0.9986153
3293.jpg,0.9996841
3123.jpg,0.99878955
2621.jpg,0.99924237
1537.jpg,0.9995351
1492.jpg,0.9997091
3367.jpg,0.9975565
2490.jpg,0.9997496
3076.jpg,0.99447304
4089.jpg,0.99936444
3169.jpg,0.99952126
4176.jpg,0.9985426
1028.jpg,0.99982613
2324.jpg,0.9995795
0604.jpg,0.9991152
4357.jpg,0.9997253
3895.jpg,0.99997187
3327.jpg,0.99974704
0714.jpg,0.99967
0241.jpg,0.999804
2669.jpg,0.999145
2418.jpg,0.99948055
2990.jpg,0.9993844
4331.jpg,0.9998587
4734.jpg,0.99985075
2252.jpg,0.9999034
2100.jpg,0.993469
0408.jpg,0.99975353
3619.jpg,0.99993587
3346.jpg,0.99981356
1476.jpg,0.9996808
0192.jpg,0.99967
3982.jpg,0.9998954
4082.jpg,0.99990934
4375.jpg,0.9993434
2666.jpg,0.99931103
1076.jpg,0.99967223
2147.jpg,0.9998762
3815.jpg,0.99905497
4610.jpg,0.9990595
0845.jpg,0.9997134
3737.jpg,0.99977946
2769.jpg,0.9996335
1178.jpg,0.9996373
2505.jpg,0.99986964
3553.jpg,0.9996016
2403.jpg,0.9995081
2090.jpg,0.9999197
0664.jpg,0.9982681
0385.jpg,0.9997502
1437.jpg,0.999896
4722.jpg,0.99986607
4546.jpg,0.9990201
4262.jpg,0.99674577
0102.jpg,0.9968367
3920.jpg,0.99974704
3525.jpg,0.99990636
3266.jpg,0.9999438
0540.jpg,0.99889153
1838.jpg,0.99970716
3608.jpg,0.99995536
0757.jpg,0.99984497
3692.jpg,0.99979573
0889.jpg,0.9996242
2559.jpg,0.99668264
3340.jpg,0.9998982
2628.jpg,0.9992349
3220.jpg,0.99078137
3197.jpg,0.9992821
2076.jpg,0.99913377
2508.jpg,0.99996567
3000.jpg,0.999777
4966.jpg,0.9998569
1216.jpg,0.99990034
2224.jpg,0.99803287
0089.jpg,0.9997141
2488.jpg,0.9993453
4882.jpg,0.9996113
4974.jpg,0.9992325
3650.jpg,0.99867064
1140.jpg,0.9998858
1061.jpg,0.99993205
1372.jpg,0.99990463
3641.jpg,0.99987864
1032.jpg,0.9995366
4786.jpg,0.9997856
2229.jpg,0.9995195
1526.jpg,0.9997294
1725.jpg,0.99971205
2851.jpg,0.9987412
2160.jpg,0.99835056
2376.jpg,0.99983054
0424.jpg,0.9999326
2109.jpg,0.9954137
0346.jpg,0.9990652
0110.jpg,0.9996585
3480.jpg,0.9996555
2313.jpg,0.99988014
2392.jpg,0.9998
4993.jpg,0.9996125
4241.jpg,0.9992425
2031.jpg,0.99989766
2074.jpg,0.99980706
2374.jpg,0.9986727
4345.jpg,0.9999024
4071.jpg,0.9999218
1865.jpg,0.99903226
1185.jpg,0.9998832
3149.jpg,0.9983959
1475.jpg,0.99979764
3959.jpg,0.99940354
0910.jpg,0.99974936
2038.jpg,0.99994475
1013.jpg,0.9992406
3972.jpg,0.9954124
4916.jpg,0.9996826
4597.jpg,0.9995525
1139.jpg,0.99815387
0894.jpg,0.99989843
2708.jpg,0.99967146
3635.jpg,0.9995697
2588.jpg,0.99937636
3375.jpg,0.9994619
0653.jpg,0.99985296
2473.jpg,0.9999571
0983.jpg,0.99791545
1558.jpg,0.9993355
4220.jpg,0.99991655
3700.jpg,0.9997914
4541.jpg,0.9997367
4160.jpg,0.99967957
0033.jpg,0.99992126
3848.jpg,0.9968931
2994.jpg,0.9990738
1279.jpg,0.999852
0584.jpg,0.9995248
2565.jpg,0.99986535
2827.jpg,0.999346
4741.jpg,0.9998693
4107.jpg,0.9997949
4424.jpg,0.99885637
0507.jpg,0.99975777
0112.jpg,0.99989206
0508.jpg,0.99992925
2119.jpg,0.9998923
1561.jpg,0.9995162
2567.jpg,0.9990383
0466.jpg,0.99964875
4246.jpg,0.9998315
3032.jpg,0.9990144
3951.jpg,0.99984103
2918.jpg,0.99874693
1362.jpg,0.9998409
1072.jpg,0.9998126
4248.jpg,0.9999023
1073.jpg,0.99926335
1163.jpg,0.9999215
0418.jpg,0.9997855
2272.jpg,0.9998253
3239.jpg,0.9998755
2245.jpg,0.9998663
3952.jpg,0.99863404
3751.jpg,0.99921423
1026.jpg,0.99977136
4928.jpg,0.9998517
4428.jpg,0.99996215
1030.jpg,0.99890894
0868.jpg,0.9998257
4290.jpg,0.9999221
1161.jpg,0.99874526
0854.jpg,0.99902534
4029.jpg,0.9928902
0999.jpg,0.99990726
0260.jpg,0.9999061
4727.jpg,0.99911904
1979.jpg,0.99976665
4324.jpg,0.9997945
4453.jpg,0.99929047
0059.jpg,0.99991494
0240.jpg,0.99974734
3675.jpg,0.9998066
0962.jpg,0.9998891
3226.jpg,0.9996102
3592.jpg,0.9998508
4024.jpg,0.9998596
2276.jpg,0.9999843
0855.jpg,0.9970634
4901.jpg,0.9991862
4369.jpg,0.99428993
0586.jpg,0.99973685
1020.jpg,0.99456525
2435.jpg,0.99971217
1587.jpg,0.999546
0113.jpg,0.9998478
2397.jpg,0.99507874
0512.jpg,0.9999218
3492.jpg,0.9999426
1864.jpg,0.9996495
2241.jpg,0.9998622
3934.jpg,0.99995035
0937.jpg,0.99749213
2007.jpg,0.99957323
3399.jpg,0.99951625
4969.jpg,0.9997518
3547.jpg,0.99985904
1936.jpg,0.99983364
0678.jpg,0.9993511
0222.jpg,0.9998002
2742.jpg,0.99989754
2618.jpg,0.9999401
2598.jpg,0.999511
3203.jpg,0.99928933
1405.jpg,0.999423
4939.jpg,0.99981683
2802.jpg,0.9995026
1011.jpg,0.99981886
0589.jpg,0.99980974
1309.jpg,0.99970716
2022.jpg,0.9998329
4875.jpg,0.99996185
4978.jpg,0.9990494
3843.jpg,0.9997573
1277.jpg,0.99989337
3835.jpg,0.9994094
4455.jpg,0.9997465
1348.jpg,0.99993366
0905.jpg,0.99968666
0821.jpg,0.99980277
1221.jpg,0.999608
2515.jpg,0.9998289
1804.jpg,0.9997098
4457.jpg,0.9996026
0967.jpg,0.9987889
3991.jpg,0.9982276
2623.jpg,0.99566835
3591.jpg,0.9993024
0025.jpg,0.999489
1165.jpg,0.9996869
1918.jpg,0.99989635
3016.jpg,0.99964124
4844.jpg,0.9998762
4979.jpg,0.9998235
1972.jpg,0.99976116
1111.jpg,0.99938035
2594.jpg,0.9996919
0741.jpg,0.9992593
0116.jpg,0.9994311
1399.jpg,0.9998041
1833.jpg,0.9955581
1633.jpg,0.9998083
2852.jpg,0.99922353
2199.jpg,0.9986891
2271.jpg,0.99950045
0146.jpg,0.9996101
2437.jpg,0.9997031
2029.jpg,0.9999192
0188.jpg,0.9992854
1564.jpg,0.9998346
4640.jpg,0.9995963
1093.jpg,0.9998579
1855.jpg,0.999661
4081.jpg,0.999737
3715.jpg,0.99970585
1038.jpg,0.99978596
4492.jpg,0.9998605
2838.jpg,0.99992585
4140.jpg,0.99923867
3636.jpg,0.9999032
0920.jpg,0.9999016
2343.jpg,0.99992293
0026.jpg,0.9980888
3706.jpg,0.99969125
2193.jpg,0.99960154
4121.jpg,0.99993783
0319.jpg,0.9998079
4981.jpg,0.9993691
3163.jpg,0.999964
4927.jpg,0.9991744
1342.jpg,0.9975783
3447.jpg,0.99995685
3235.jpg,0.9999058
0008.jpg,0.9998192
3328.jpg,0.9986573
2167.jpg,0.9998467
0235.jpg,0.9998348
1859.jpg,0.99961877
2046.jpg,0.99947757
2892.jpg,0.99940586
3364.jpg,0.9998911
0193.jpg,0.99352485
0394.jpg,0.9994903
0357.jpg,0.99997735
1223.jpg,0.9998312
0669.jpg,0.999424
0624.jpg,0.9980603
3131.jpg,0.99916106
4914.jpg,0.9991905
1134.jpg,0.9999261
1797.jpg,0.9997411
3122.jpg,0.99852484
1792.jpg,0.9998066
0458.jpg,0.99986595
2846.jpg,0.9998655
4143.jpg,0.99805707
3993.jpg,0.9997165
0125.jpg,0.99958086
3335.jpg,0.9999857
2233.jpg,0.99994034
3745.jpg,0.99972266
2115.jpg,0.9997433
4364.jpg,0.99980956
2394.jpg,0.9997763
0536.jpg,0.99988157
4048.jpg,0.99991876
3402.jpg,0.999959
0818.jpg,0.9998801
1278.jpg,0.9999123
1460.jpg,0.98905826
4784.jpg,0.99980474
3127.jpg,0.9996617
2364.jpg,0.99894637
0787.jpg,0.9996767
1960.jpg,0.9999154
2664.jpg,0.9998348
1772.jpg,0.9983671
4801.jpg,0.99989253
0359.jpg,0.9993622
4368.jpg,0.9998698
3359.jpg,0.9990091
2158.jpg,0.99852014
1337.jpg,0.9932418
2633.jpg,0.9995101
4093.jpg,0.99687785
2207.jpg,0.9992048
3912.jpg,0.9998856
4800.jpg,0.99988556
4298.jpg,0.9996793
1538.jpg,0.9998811
3743.jpg,0.9998316
0473.jpg,0.9999625
0128.jpg,0.99653655
2962.jpg,0.9993983
1609.jpg,0.99940395
2417.jpg,0.9997292
3144.jpg,0.9969766
1974.jpg,0.9998341
2993.jpg,0.99959046
4905.jpg,0.999124
2746.jpg,0.9994664
3100.jpg,0.9997727
2466.jpg,0.9998648
2915.jpg,0.99983025
0092.jpg,0.99917275
1895.jpg,0.99990493
3496.jpg,0.9998521
1425.jpg,0.99973744
3145.jpg,0.999775
1284.jpg,0.999764
4317.jpg,0.99988747
3369.jpg,0.9949074
0434.jpg,0.99991035
1634.jpg,0.9996181
3344.jpg,0.9996546
1074.jpg,0.999728
2724.jpg,0.99972266
3414.jpg,0.9993326
0688.jpg,0.9999252
0796.jpg,0.99863404
1649.jpg,0.99992114
4423.jpg,0.99987584
4138.jpg,0.9998279
4096.jpg,0.991026
0350.jpg,0.99978304
1933.jpg,0.9992742
3726.jpg,0.99756
3625.jpg,0.99969465
4678.jpg,0.99840885
0291.jpg,0.9997789
0551.jpg,0.9998968
4654.jpg,0.99975973
3106.jpg,0.99982935
2546.jpg,0.99984384
4288.jpg,0.99953955
0935.jpg,0.9999501
4555.jpg,0.9998932
2625.jpg,0.99983
1132.jpg,0.9999299
0229.jpg,0.9996914
0430.jpg,0.9983854
4018.jpg,0.9973483
0436.jpg,0.9996035
1421.jpg,0.9966393
4471.jpg,0.99983364
0246.jpg,0.9997466
4942.jpg,0.9993389
0259.jpg,0.9992931
2235.jpg,0.9997144
4399.jpg,0.9996584
1970.jpg,0.95722705
3640.jpg,0.9999061
1025.jpg,0.9997968
4392.jpg,0.9998068
0908.jpg,0.99797064
1693.jpg,0.99971896
3471.jpg,0.99978083
0097.jpg,0.9998848
4723.jpg,0.9998162
2063.jpg,0.99970317
1683.jpg,0.9995191
1095.jpg,0.999736
2295.jpg,0.9998761
2691.jpg,0.99980384
2781.jpg,0.9966669
3394.jpg,0.99983305
0004.jpg,0.9998924
4476.jpg,0.99827194
0784.jpg,0.9998436
4097.jpg,0.99979347
3785.jpg,0.9929702
3595.jpg,0.99983954
4186.jpg,0.99983627
1125.jpg,0.9999461
1943.jpg,0.99991846
3884.jpg,0.998648
0169.jpg,0.9996318
4163.jpg,0.9996663
4205.jpg,0.9997628
0771.jpg,0.99908143
2005.jpg,0.99904275
1091.jpg,0.99991745
4075.jpg,0.9999328
2056.jpg,0.99977237
3637.jpg,0.9995735
3185.jpg,0.9999323
0513.jpg,0.9997862
2091.jpg,0.9994321
2201.jpg,0.9995489
1629.jpg,0.99974626
0986.jpg,0.999599
0121.jpg,0.9996371
3398.jpg,0.99986595
4064.jpg,0.99880385
2527.jpg,0.9996522
3517.jpg,0.99955374
3177.jpg,0.99984914
1602.jpg,0.9992549
4005.jpg,0.99988765
1137.jpg,0.99651384
1227.jpg,0.9991443
0168.jpg,0.9990255
1225.jpg,0.9989628
3748.jpg,0.9978849
2878.jpg,0.9997038
2033.jpg,0.99944574
3408.jpg,0.99904746
1525.jpg,0.9998942
0938.jpg,0.9998951
1430.jpg,0.99897414
3760.jpg,0.9998457
1733.jpg,0.9997123
3357.jpg,0.99846464
0917.jpg,0.9998002
4413.jpg,0.9992425
0228.jpg,0.99988145
2937.jpg,0.99987745
1106.jpg,0.99984956
3075.jpg,0.9996759
2935.jpg,0.99961686
4906.jpg,0.99887437
4188.jpg,0.99944973
2542.jpg,0.99981576
1109.jpg,0.99971247
3600.jpg,0.999513
0075.jpg,0.999664
2073.jpg,0.99922323
3248.jpg,0.9998059
3192.jpg,0.9998291
2185.jpg,0.9987244
3389.jpg,0.9994584
1550.jpg,0.99870306
1661.jpg,0.9997559
2221.jpg,0.99974304
4067.jpg,0.9996641
2481.jpg,0.999433
3462.jpg,0.99981624
0027.jpg,0.9996404
2279.jpg,0.999793
1715.jpg,0.9979246
4817.jpg,0.9999228
3861.jpg,0.9998288
3668.jpg,0.99977875
0459.jpg,0.9997563
4725.jpg,0.9997757
4740.jpg,0.9993312
3711.jpg,0.99989
0189.jpg,0.99983233
4273.jpg,0.99985594
1469.jpg,0.9996886
0236.jpg,0.9998908
0744.jpg,0.9998195
3211.jpg,0.9997973
1779.jpg,0.99982995
1815.jpg,0.99746233
1183.jpg,0.9996348
4759.jpg,0.99990875
4334.jpg,0.9998329
3078.jpg,0.9996819
1738.jpg,0.9994188
1149.jpg,0.9997316
0499.jpg,0.9994785
4461.jpg,0.9991515
0298.jpg,0.99990684
3491.jpg,0.997293
4058.jpg,0.99652904
3313.jpg,0.99792814
3817.jpg,0.9990409
4252.jpg,0.9991352
0561.jpg,0.99978703
0313.jpg,0.99983543
3422.jpg,0.9821582
0990.jpg,0.9899449
0702.jpg,0.999909
3540.jpg,0.9992852
0753.jpg,0.99909
3362.jpg,0.99387735
3202.jpg,0.9998579
2651.jpg,0.99980164
3403.jpg,0.98789614
1287.jpg,0.99995995
1917.jpg,0.9998161
4620.jpg,0.99988586
2947.jpg,0.99937886
4192.jpg,0.99976236
2500.jpg,0.9997085
4124.jpg,0.99988866
0525.jpg,0.9999032
2558.jpg,0.9996597
2039.jpg,0.9897651
2296.jpg,0.999746
3676.jpg,0.96159
3445.jpg,0.99989885
3630.jpg,0.999382
0655.jpg,0.99731135
2421.jpg,0.9996926
2133.jpg,0.99978274
4353.jpg,0.99968046
2499.jpg,0.99994206
4178.jpg,0.99965185
2943.jpg,0.99961257
1596.jpg,0.99964505
3729.jpg,0.99565965
4868.jpg,0.99911404
3363.jpg,0.99973077
2471.jpg,0.99983245
3746.jpg,0.99667454
4098.jpg,0.9993045
1791.jpg,0.99995184
2540.jpg,0.99990314
1763.jpg,0.9983401
4196.jpg,0.9998811
4948.jpg,0.9995708
1290.jpg,0.9989881
1612.jpg,0.9999326
2055.jpg,0.9999276
0184.jpg,0.9998018
0706.jpg,0.9996912
3671.jpg,0.99989575
4332.jpg,0.99970037
2319.jpg,0.99969697
3207.jpg,0.9998784
4372.jpg,0.99883574
0751.jpg,0.9997828
4438.jpg,0.99979573
1846.jpg,0.9999463
0616.jpg,0.99848443
1192.jpg,0.99775
0465.jpg,0.9994971
2164.jpg,0.9990054
0432.jpg,0.99667615
4335.jpg,0.99993414
3221.jpg,0.99984246
1245.jpg,0.99993306
1953.jpg,0.9995541
2383.jpg,0.9998929
4057.jpg,0.99962497
4728.jpg,0.9994902
2131.jpg,0.9929771
2353.jpg,0.9994995
1964.jpg,0.9995572
3072.jpg,0.9997657
0282.jpg,0.99997187
3287.jpg,0.99971294
2138.jpg,0.9998085
1886.jpg,0.99989086
1577.jpg,0.9998105
0285.jpg,0.9998522
1753.jpg,0.99770886
1696.jpg,0.99977344
1745.jpg,0.99983215
4707.jpg,0.9996445
4116.jpg,0.9999679
4924.jpg,0.9998245
2942.jpg,0.9998916
2794.jpg,0.9994258
3061.jpg,0.99973464
3081.jpg,0.99877685
1451.jpg,0.9999674
2294.jpg,0.9992706
2678.jpg,0.9993593
1085.jpg,0.9994399
0186.jpg,0.9998482
4835.jpg,0.9989392
3612.jpg,0.9992512
3411.jpg,0.9994275
3694.jpg,0.9999189
2419.jpg,0.9994443
1136.jpg,0.998898
1927.jpg,0.999723
4132.jpg,0.9998662
4863.jpg,0.99952555
0648.jpg,0.9994326
0355.jpg,0.9997881
0398.jpg,0.9996237
3190.jpg,0.9989702
0105.jpg,0.9990062
2242.jpg,0.99968153
0442.jpg,0.9999481
3383.jpg,0.99977064
4363.jpg,0.99990207
0273.jpg,0.9993432
2265.jpg,0.99996394
0528.jpg,0.99825454
0615.jpg,0.99749035
4598.jpg,0.99993783
1036.jpg,0.9997503
3170.jpg,0.99973255
3973.jpg,0.9994723
2061.jpg,0.99980766
0680.jpg,0.9998813
3631.jpg,0.9997837
0492.jpg,0.9998798
0809.jpg,0.99983674
3039.jpg,0.99982435
1464.jpg,0.99971336
1600.jpg,0.9995902
4152.jpg,0.9996763
4145.jpg,0.99991035
4410.jpg,0.9999296
1447.jpg,0.9999716
2135.jpg,0.99974173
